txn_id,from_ifsc,from_account,to_ifsc,to_account,amount_inr,mode,timestamp
TXN-000001,ZARV0117149,66524151229,ZARV0007961,649524061246,29000.00,NEFT,2025-01-01T09:03:00+05:30
TXN-000002,ZNMD0823935,9822007199094188,ZKVR0469965,4576041253223734,19500.00,NEFT,2025-01-01T09:07:00+05:30
TXN-000003,ZARV0477133,82150535453010,ZARV0094591,56243893730,54500.00,NEFT,2025-01-01T09:24:00+05:30
TXN-000004,ZARV0117149,66524151229,ZARV0519176,95519852701,22500.00,NEFT,2025-01-01T10:23:00+05:30
TXN-000005,ZARV0657336,88615120041,ZNMD0696084,6446483955427888,34000.00,NEFT,2025-01-01T11:18:00+05:30
TXN-000006,ZARV0477133,82150535453010,ZNMD0587919,365036192686,42000.00,NEFT,2025-01-01T12:03:00+05:30
TXN-000007,ZARV0477133,82150535453010,ZKVR0186058,346793746876,33000.00,NEFT,2025-01-01T12:27:00+05:30
TXN-000008,ZARV0477133,82150535453010,ZARV0086950,10465577896,41500.00,NEFT,2025-01-01T12:31:00+05:30
TXN-000009,ZNMD0324866,50984351846399,ZGDV0842838,6489677170416477,2650.00,IMPS,2025-01-01T19:21:00+05:30
TXN-000010,ZARV0519176,95519852701,ZGDV0264737,650442899703,820.00,UPI,2025-01-02T08:43:00+05:30
TXN-000011,ZNMD0152141,2950914371513095,ZARV0104756,56663037718416,54500.00,NEFT,2025-01-02T09:00:00+05:30
TXN-000012,ZKVR0606389,31265741521176,ZARV0519176,95519852701,33000.00,NEFT,2025-01-02T09:20:00+05:30
TXN-000013,ZKVR0617354,78564396525,ZNMD0544711,43197849240367,54000.00,NEFT,2025-01-02T09:25:00+05:30
TXN-000014,ZNMD0537065,63788388246,ZNMD0778339,65642075982039,28000.00,NEFT,2025-01-02T09:45:00+05:30
TXN-000015,ZARV0657336,88615120041,ZNMD0676603,445065079507,38000.00,NEFT,2025-01-02T09:47:00+05:30
TXN-000016,ZNMD0823935,9822007199094188,ZGDV0199050,13791179552,39000.00,NEFT,2025-01-02T10:02:00+05:30
TXN-000017,ZKVR0606389,31265741521176,ZARV0880251,3842947850229483,61500.00,NEFT,2025-01-02T10:29:00+05:30
TXN-000018,ZGDV0586089,1994021473530432,ZKVR0329204,4482253497910906,42500.00,NEFT,2025-01-02T10:44:00+05:30
TXN-000019,ZNMD0823935,9822007199094188,ZARV0779368,247347502388,35500.00,NEFT,2025-01-02T11:55:00+05:30
TXN-000020,ZNMD0537065,63788388246,ZKVR0098532,91924037155,25000.00,NEFT,2025-01-02T11:59:00+05:30
TXN-000021,ZGDV0891267,55801883709482,ZGDV0698481,214148069153,5710.00,IMPS,2025-01-02T12:23:00+05:30
TXN-000022,ZNMD0537065,63788388246,ZKVR0469965,4576041253223734,60000.00,NEFT,2025-01-02T12:52:00+05:30
TXN-000023,ZNMD0152141,2950914371513095,ZNMD0544711,43197849240367,26500.00,NEFT,2025-01-02T12:57:00+05:30
TXN-000024,ZGDV0711806,21409016372851,ZKVR0122101,1416049978764998,630.00,UPI,2025-01-02T13:24:00+05:30
TXN-000025,ZKVR0669376,4131711564511189,ZKVR0201615,135967096137,3070.00,UPI,2025-01-02T14:29:00+05:30
TXN-000026,ZARV0599465,26965979895120,ZKVR0231395,59372838131746,1050.00,IMPS,2025-01-02T19:32:00+05:30
TXN-000027,ZGDV0199050,13791179552,ZNMD0110114,5305601891569179,1230.00,UPI,2025-01-02T20:11:00+05:30
TXN-000028,ZGDV0524175,80468702410,ZKVR0546415,36465882156067,4000.00,UPI,2025-01-02T22:29:00+05:30
TXN-000029,ZGDV0891267,55801883709482,ZNMD0484562,198354875355,2900.00,IMPS,2025-01-02T23:21:00+05:30
TXN-000030,ZARV0979572,585873296710,ZNMD0484562,198354875355,5100.00,UPI,2025-01-02T23:51:00+05:30
TXN-000031,ZGDV0928130,906180924966,ZARV0919996,386172292609,50500.00,NEFT,2025-01-03T09:01:00+05:30
TXN-000032,ZNMD0823935,9822007199094188,ZGDV0711806,21409016372851,37000.00,NEFT,2025-01-03T09:46:00+05:30
TXN-000033,ZGDV0586089,1994021473530432,ZNMD0676603,445065079507,26500.00,NEFT,2025-01-03T10:03:00+05:30
TXN-000034,ZNMD0537065,63788388246,ZGDV0199050,13791179552,33500.00,NEFT,2025-01-03T10:36:00+05:30
TXN-000035,ZGDV0586089,1994021473530432,ZNMD0696084,6446483955427888,47000.00,NEFT,2025-01-03T10:44:00+05:30
TXN-000036,ZARV0657336,88615120041,ZKVR0329204,4482253497910906,21500.00,NEFT,2025-01-03T11:14:00+05:30
TXN-000037,ZKVR0606389,31265741521176,ZNMD0324866,50984351846399,58000.00,NEFT,2025-01-03T11:21:00+05:30
TXN-000038,ZKVR0617354,78564396525,ZGDV0279182,64596092578,29500.00,NEFT,2025-01-03T12:07:00+05:30
TXN-000039,ZGDV0928130,906180924966,ZKVR0264416,2920955977193273,55000.00,NEFT,2025-01-03T12:46:00+05:30
TXN-000040,ZKVR0890873,2960023587937843,ZKVR0316645,155592538756,2810.00,IMPS,2025-01-03T14:12:00+05:30
TXN-000041,ZARV0254988,88934470906800,ZGDV0543292,3337619347987285,97500.00,UPI,2025-01-03T14:15:00+05:30
TXN-000042,ZNMD0700572,31986695700793,ZNMD0123026,409772186664,2490.00,IMPS,2025-01-03T16:47:00+05:30
TXN-000043,ZARV0095529,4584116110641260,ZARV0105785,89505366673,4990.00,UPI,2025-01-03T16:55:00+05:30
TXN-000044,ZNMD0235079,2525131583921333,ZGDV0914516,7027511489681119,240.00,UPI,2025-01-03T16:56:00+05:30
TXN-000045,ZNMD0324711,20354713714,ZGDV0842838,6489677170416477,24000.00,UPI,2025-01-03T17:16:00+05:30
TXN-000046,ZGDV0524175,80468702410,ZGDV0698481,214148069153,1710.00,IMPS,2025-01-03T19:29:00+05:30
TXN-000047,ZKVR0604643,67609492345319,ZARV0105785,89505366673,160.00,IMPS,2025-01-03T19:52:00+05:30
TXN-000048,ZNMD0520427,8802759075214784,ZNMD0977718,1059547734120898,3280.00,IMPS,2025-01-03T22:45:00+05:30
TXN-000049,ZGDV0543292,3337619347987285,ZARV0556607,8182324692435618,94100.00,UPI,2025-01-04T10:15:00+05:30
TXN-000050,ZARV0745949,93522187504411,ZKVR0711349,311217374552,10800.00,IMPS,2025-01-04T10:16:00+05:30
TXN-000051,ZNMD0484562,198354875355,ZARV0617958,49173696680314,30000.00,UPI,2025-01-04T11:13:00+05:30
TXN-000052,ZNMD0778339,65642075982039,ZGDV0050806,2296589735015940,1940.00,UPI,2025-01-04T11:46:00+05:30
TXN-000053,ZARV0745844,778088674514,ZKVR0278239,273925885283,22300.00,UPI,2025-01-04T11:50:00+05:30
TXN-000054,ZARV0556607,8182324692435618,ZNMD0235052,22140184865,91400.00,UPI,2025-01-04T13:15:00+05:30
TXN-000055,ZKVR0469965,4576041253223734,ZGDV0050806,2296589735015940,650.00,IMPS,2025-01-04T13:41:00+05:30
TXN-000056,ZKVR0329204,4482253497910906,ZGDV0914516,7027511489681119,2140.00,IMPS,2025-01-04T17:39:00+05:30
TXN-000057,ZNMD0853761,95412555046339,ZNMD0123026,409772186664,14300.00,UPI,2025-01-04T19:15:00+05:30
TXN-000058,ZARV0979572,585873296710,ZKVR0546415,36465882156067,5000.00,IMPS,2025-01-04T20:30:00+05:30
TXN-000059,ZGDV0489435,4267221805213723,ZGDV0264737,650442899703,22000.00,UPI,2025-01-04T21:50:00+05:30
TXN-000060,ZARV0086950,10465577896,ZGDV0955625,70494902607167,2570.00,UPI,2025-01-05T08:51:00+05:30
TXN-000061,ZARV0007961,649524061246,ZNMD0498591,530299490847,1300.00,UPI,2025-01-05T10:48:00+05:30
TXN-000062,ZNMD0778339,65642075982039,ZKVR0261171,4350429360999554,6370.00,UPI,2025-01-05T18:30:00+05:30
TXN-000063,ZNMD0676603,445065079507,ZGDV0121914,63592870665356,2070.00,IMPS,2025-01-05T21:46:00+05:30
TXN-000064,ZNMD0990233,7781796239256157,ZGDV0264737,650442899703,1020.00,UPI,2025-01-05T22:00:00+05:30
TXN-000065,ZGDV0199050,13791179552,ZKVR0122101,1416049978764998,1340.00,UPI,2025-01-06T09:28:00+05:30
TXN-000066,ZARV0319947,7357326534972855,ZKVR0278239,273925885283,2680.00,IMPS,2025-01-06T13:57:00+05:30
TXN-000067,ZKVR0186058,346793746876,ZNMD0947097,30344625994126,7370.00,IMPS,2025-01-06T14:28:00+05:30
TXN-000068,ZNMD0990233,7781796239256157,ZGDV0575368,80258747958,16200.00,UPI,2025-01-06T14:41:00+05:30
TXN-000069,ZARV0613886,29424441603891,ZKVR0231395,59372838131746,4300.00,UPI,2025-01-06T17:05:00+05:30
TXN-000070,ZGDV0575368,80258747958,ZGDV0836188,81300741571,480.00,UPI,2025-01-06T17:08:00+05:30
TXN-000071,ZARV0104756,56663037718416,ZNMD0977718,1059547734120898,2600.00,UPI,2025-01-06T22:03:00+05:30
TXN-000072,ZKVR0469965,4576041253223734,ZKVR0261171,4350429360999554,1150.00,UPI,2025-01-07T13:03:00+05:30
TXN-000073,ZNMD0700572,31986695700793,ZNMD0123026,409772186664,1090.00,IMPS,2025-01-07T13:33:00+05:30
TXN-000074,ZARV0617958,49173696680314,ZKVR0201615,135967096137,8600.00,UPI,2025-01-07T14:09:00+05:30
TXN-000075,ZGDV0279182,64596092578,ZGDV0403647,419432812783,3070.00,IMPS,2025-01-07T15:08:00+05:30
TXN-000076,ZNMD0524253,552337400089,ZKVR0316645,155592538756,1220.00,UPI,2025-01-07T15:50:00+05:30
TXN-000077,ZNMD0007921,8521044047953883,ZGDV0403647,419432812783,1460.00,IMPS,2025-01-07T18:29:00+05:30
TXN-000078,ZARV0396941,8956830896202038,ZARV0831528,81660304011,1200.00,UPI,2025-01-07T20:37:00+05:30
TXN-000079,ZARV0396941,8956830896202038,ZGDV0050806,2296589735015940,900.00,IMPS,2025-01-08T09:44:00+05:30
TXN-000080,ZKVR0604643,67609492345319,ZKVR0201615,135967096137,1040.00,IMPS,2025-01-08T10:04:00+05:30
TXN-000081,ZARV0495419,52382165134,ZGDV0060249,95785738510033,36000.00,UPI,2025-01-08T16:39:00+05:30
TXN-000082,ZNMD0676603,445065079507,ZGDV0914516,7027511489681119,490.00,UPI,2025-01-08T19:11:00+05:30
TXN-000083,ZARV0979572,585873296710,ZKVR0201615,135967096137,3370.00,UPI,2025-01-09T10:45:00+05:30
TXN-000084,ZNMD0007921,8521044047953883,ZARV0105785,89505366673,2290.00,UPI,2025-01-09T13:52:00+05:30
TXN-000085,ZKVR0268028,46154561864689,ZKVR0474112,38690428120812,3160.00,UPI,2025-01-09T18:12:00+05:30
TXN-000086,ZARV0745949,93522187504411,ZNMD0498591,530299490847,180.00,UPI,2025-01-09T19:41:00+05:30
TXN-000087,ZKVR0546415,36465882156067,ZARV0617958,49173696680314,35000.00,UPI,2025-01-09T21:01:00+05:30
TXN-000088,ZGDV0711806,21409016372851,ZKVR0261171,4350429360999554,800.00,UPI,2025-01-09T22:15:00+05:30
TXN-000089,ZNMD0544711,43197849240367,ZGDV0055332,40104018190,6360.00,UPI,2025-01-10T09:01:00+05:30
TXN-000090,ZARV0613886,29424441603891,ZNMD0123026,409772186664,1220.00,IMPS,2025-01-10T09:19:00+05:30
TXN-000091,ZNMD0676603,445065079507,ZGDV0121914,63592870665356,890.00,UPI,2025-01-10T10:15:00+05:30
TXN-000092,ZGDV0489435,4267221805213723,ZGDV0836188,81300741571,23400.00,IMPS,2025-01-10T11:49:00+05:30
TXN-000093,ZKVR0669376,4131711564511189,ZGDV0055332,40104018190,1520.00,IMPS,2025-01-10T18:38:00+05:30
TXN-000094,ZKVR0639665,81715651721,ZARV0823959,79149726467227,890.00,UPI,2025-01-10T20:36:00+05:30
TXN-000095,ZARV0150108,10564200188213,ZKVR0231395,59372838131746,5900.00,UPI,2025-01-10T21:44:00+05:30
TXN-000096,ZGDV0060249,95785738510033,ZNMD0110114,5305601891569179,14300.00,UPI,2025-01-10T21:45:00+05:30
TXN-000097,ZARV0880251,3842947850229483,ZKVR0316645,155592538756,630.00,UPI,2025-01-11T13:44:00+05:30
TXN-000098,ZGDV0851267,3896253381492550,ZKVR0122101,1416049978764998,23900.00,UPI,2025-01-11T13:58:00+05:30
TXN-000099,ZARV0094460,24117828051503,ZKVR0278239,273925885283,8500.00,UPI,2025-01-11T15:52:00+05:30
TXN-000100,ZGDV0860546,6445806238546018,ZKVR0231395,59372838131746,2060.00,IMPS,2025-01-11T16:02:00+05:30
TXN-000101,ZARV0210017,157887662652,ZKVR0122101,1416049978764998,22500.00,UPI,2025-01-11T21:39:00+05:30
TXN-000102,ZARV0007961,649524061246,ZKVR0316645,155592538756,2390.00,UPI,2025-01-11T22:04:00+05:30
TXN-000103,ZKVR0189294,281714034673,ZNMD0123026,409772186664,24200.00,IMPS,2025-01-11T22:53:00+05:30
TXN-000104,ZNMD0587919,365036192686,ZGDV0955625,70494902607167,2470.00,UPI,2025-01-12T09:11:00+05:30
TXN-000105,ZKVR0329204,4482253497910906,ZGDV0121914,63592870665356,740.00,UPI,2025-01-12T11:32:00+05:30
TXN-000106,ZGDV0489435,4267221805213723,ZGDV0836188,81300741571,8700.00,UPI,2025-01-12T13:09:00+05:30
TXN-000107,ZARV0880251,3842947850229483,ZARV0519176,95519852701,5500.00,UPI,2025-01-12T15:13:00+05:30
TXN-000108,ZARV0919996,386172292609,ZGDV0955625,70494902607167,1910.00,IMPS,2025-01-12T15:41:00+05:30
TXN-000109,ZKVR0669376,4131711564511189,ZKVR0546415,36465882156067,3800.00,UPI,2025-01-12T18:10:00+05:30
TXN-000110,ZGDV0575368,80258747958,ZKVR0316645,155592538756,550.00,IMPS,2025-01-12T21:30:00+05:30
TXN-000111,ZNMD0778339,65642075982039,ZNMD0110114,5305601891569179,2630.00,UPI,2025-01-13T12:25:00+05:30
TXN-000112,ZNMD0532558,22645406307458,ZGDV0264737,650442899703,20800.00,IMPS,2025-01-13T14:10:00+05:30
TXN-000113,ZGDV0060249,95785738510033,ZNMD0110114,5305601891569179,16100.00,UPI,2025-01-13T15:18:00+05:30
TXN-000114,ZARV0297900,81086604544,ZNMD0110114,5305601891569179,13500.00,UPI,2025-01-13T16:22:00+05:30
TXN-000115,ZARV0278780,5585485901880963,ZARV0831528,81660304011,730.00,UPI,2025-01-13T18:18:00+05:30
TXN-000116,ZNMD0696084,6446483955427888,ZGDV0121914,63592870665356,580.00,IMPS,2025-01-13T20:54:00+05:30
TXN-000117,ZKVR0587534,7290333581499695,ZGDV0050806,2296589735015940,11500.00,UPI,2025-01-13T20:58:00+05:30
TXN-000118,ZKVR0604643,67609492345319,ZARV0105785,89505366673,9020.00,UPI,2025-01-14T09:32:00+05:30
TXN-000119,ZGDV0279182,64596092578,ZGDV0698481,214148069153,880.00,IMPS,2025-01-14T09:50:00+05:30
TXN-000120,ZARV0210017,157887662652,ZNMD0110114,5305601891569179,22100.00,UPI,2025-01-14T10:30:00+05:30
TXN-000121,ZGDV0197465,51846197404069,ZKVR0201615,135967096137,4980.00,UPI,2025-01-14T14:29:00+05:30
TXN-000122,ZARV0278780,5585485901880963,ZKVR0122101,1416049978764998,330.00,UPI,2025-01-14T14:32:00+05:30
TXN-000123,ZARV0095529,4584116110641260,ZKVR0201615,135967096137,1110.00,IMPS,2025-01-14T20:14:00+05:30
TXN-000124,ZKVR0669376,4131711564511189,ZNMD0484562,198354875355,5100.00,UPI,2025-01-14T21:48:00+05:30
TXN-000125,ZKVR0138643,6435835492797107,ZNMD0832635,5760355546659049,395000.00,RTGS,2025-01-15T10:53:00+05:30
TXN-000126,ZARV0880251,3842947850229483,ZGDV0842838,6489677170416477,600.00,UPI,2025-01-15T13:01:00+05:30
TXN-000127,ZKVR0982026,84187635538,ZNMD0498591,530299490847,8800.00,UPI,2025-01-15T14:32:00+05:30
TXN-000128,ZGDV0711806,21409016372851,ZARV0831528,81660304011,1120.00,UPI,2025-01-15T14:52:00+05:30
TXN-000129,ZKVR0264416,2920955977193273,ZNMD0947097,30344625994126,820.00,UPI,2025-01-15T16:08:00+05:30
TXN-000130,ZGDV0060249,95785738510033,ZKVR0122101,1416049978764998,4100.00,UPI,2025-01-15T16:49:00+05:30
TXN-000131,ZKVR0669376,4131711564511189,ZGDV0698481,214148069153,2780.00,UPI,2025-01-15T16:50:00+05:30
TXN-000132,ZGDV0891267,55801883709482,ZGDV0698481,214148069153,2000.00,UPI,2025-01-15T17:15:00+05:30
TXN-000133,ZARV0613886,29424441603891,ZKVR0231395,59372838131746,1780.00,IMPS,2025-01-15T17:32:00+05:30
TXN-000134,ZGDV0543292,3337619347987285,ZNMD0947097,30344625994126,14300.00,UPI,2025-01-15T19:46:00+05:30
TXN-000135,ZKVR0711349,311217374552,ZNMD0498591,530299490847,2230.00,UPI,2025-01-15T21:17:00+05:30
TXN-000136,ZKVR0264416,2920955977193273,ZKVR0278239,273925885283,3810.00,UPI,2025-01-15T22:00:00+05:30
TXN-000137,ZARV0919996,386172292609,ZKVR0278239,273925885283,370.00,UPI,2025-01-16T09:08:00+05:30
TXN-000138,ZKVR0982026,84187635538,ZGDV0842838,6489677170416477,24600.00,UPI,2025-01-16T11:35:00+05:30
TXN-000139,ZNMD0484562,198354875355,ZARV0617958,49173696680314,26000.00,UPI,2025-01-16T12:57:00+05:30
TXN-000140,ZKVR0186058,346793746876,ZGDV0543292,3337619347987285,52500.00,IMPS,2025-01-16T13:58:00+05:30
TXN-000141,ZKVR0186058,346793746876,ZGDV0543292,3337619347987285,26500.00,IMPS,2025-01-16T14:05:00+05:30
TXN-000142,ZKVR0186058,346793746876,ZGDV0955625,70494902607167,1050.00,UPI,2025-01-16T15:13:00+05:30
TXN-000143,ZKVR0711349,311217374552,ZARV0745949,93522187504411,10800.00,UPI,2025-01-16T17:21:00+05:30
TXN-000144,ZNMD0544711,43197849240367,ZNMD0977718,1059547734120898,530.00,UPI,2025-01-16T18:00:00+05:30
TXN-000145,ZARV0599465,26965979895120,ZGDV0955625,70494902607167,1210.00,IMPS,2025-01-16T18:28:00+05:30
TXN-000146,ZGDV0543292,3337619347987285,ZARV0556607,8182324692435618,50800.00,UPI,2025-01-16T21:58:00+05:30
TXN-000147,ZNMD0832635,5760355546659049,ZNMD0235052,22140184865,360000.00,NEFT,2025-01-16T22:26:00+05:30
TXN-000148,ZKVR0669376,4131711564511189,ZNMD0484562,198354875355,3100.00,IMPS,2025-01-16T22:49:00+05:30
TXN-000149,ZARV0617958,49173696680314,ZGDV0281209,997066433929,62000.00,UPI,2025-01-16T22:53:00+05:30
TXN-000150,ZGDV0543292,3337619347987285,ZARV0556607,8182324692435618,25500.00,IMPS,2025-01-17T00:05:00+05:30
TXN-000151,ZARV0094460,24117828051503,ZGDV0543292,3337619347987285,430000.00,RTGS,2025-01-17T01:09:48+05:30
TXN-000152,ZARV0556607,8182324692435618,ZNMD0235052,22140184865,24800.00,IMPS,2025-01-17T06:05:00+05:30
TXN-000153,ZNMD0696084,6446483955427888,ZGDV0914516,7027511489681119,1750.00,UPI,2025-01-17T08:54:00+05:30
TXN-000154,ZARV0979572,585873296710,ZGDV0403647,419432812783,860.00,IMPS,2025-01-17T08:56:00+05:30
TXN-000155,ZARV0556607,8182324692435618,ZNMD0235052,22140184865,49200.00,UPI,2025-01-17T09:58:00+05:30
TXN-000156,ZARV0094460,24117828051503,ZGDV0955625,70494902607167,14000.00,UPI,2025-01-17T13:32:00+05:30
TXN-000157,ZNMD0524253,552337400089,ZGDV0264737,650442899703,1460.00,IMPS,2025-01-17T19:13:00+05:30
TXN-000158,ZNMD0700572,31986695700793,ZGDV0955625,70494902607167,890.00,UPI,2025-01-17T19:15:00+05:30
TXN-000159,ZKVR0098532,91924037155,ZGDV0050806,2296589735015940,370.00,UPI,2025-01-17T22:31:00+05:30
TXN-000160,ZKVR0469965,4576041253223734,ZKVR0474112,38690428120812,2970.00,UPI,2025-01-18T10:24:00+05:30
TXN-000161,ZARV0007961,649524061246,ZGDV0842838,6489677170416477,470.00,UPI,2025-01-18T12:21:00+05:30
TXN-000162,ZGDV0199050,13791179552,ZGDV0050806,2296589735015940,680.00,UPI,2025-01-18T12:50:00+05:30
TXN-000163,ZGDV0068266,986554721182,ZGDV0050806,2296589735015940,180.00,UPI,2025-01-18T13:01:00+05:30
TXN-000164,ZGDV0543292,3337619347987285,ZARV0556607,8182324692435618,415600.00,RTGS,2025-01-18T13:09:48+05:30
TXN-000165,ZGDV0197465,51846197404069,ZGDV0403647,419432812783,2000.00,UPI,2025-01-18T14:39:00+05:30
TXN-000166,ZGDV0060249,95785738510033,ZNMD0110114,5305601891569179,21000.00,IMPS,2025-01-18T16:38:00+05:30
TXN-000167,ZKVR0264416,2920955977193273,ZNMD0947097,30344625994126,3130.00,UPI,2025-01-18T17:16:00+05:30
TXN-000168,ZARV0297900,81086604544,ZGDV0050806,2296589735015940,22200.00,UPI,2025-01-18T17:55:00+05:30
TXN-000169,ZGDV0105287,3660851609801178,ZGDV0264737,650442899703,20600.00,UPI,2025-01-18T18:26:00+05:30
TXN-000170,ZKVR0604643,67609492345319,ZNMD0977718,1059547734120898,650.00,UPI,2025-01-18T19:56:00+05:30
TXN-000171,ZNMD0544711,43197849240367,ZKVR0546415,36465882156067,2900.00,UPI,2025-01-18T22:56:00+05:30
TXN-000172,ZGDV0068266,986554721182,ZKVR0261171,4350429360999554,900.00,IMPS,2025-01-19T09:56:00+05:30
TXN-000173,ZARV0556607,8182324692435618,ZNMD0235052,22140184865,403400.00,RTGS,2025-01-19T11:09:48+05:30
TXN-000174,ZGDV0575368,80258747958,ZNMD0990233,7781796239256157,16200.00,UPI,2025-01-19T13:51:00+05:30
TXN-000175,ZKVR0268028,46154561864689,ZKVR0122101,1416049978764998,4620.00,IMPS,2025-01-19T14:52:00+05:30
TXN-000176,ZKVR0546415,36465882156067,ZARV0617958,49173696680314,29500.00,UPI,2025-01-19T19:19:00+05:30
TXN-000177,ZARV0979572,585873296710,ZNMD0977718,1059547734120898,910.00,IMPS,2025-01-19T21:56:00+05:30
TXN-000178,ZNMD0235052,22140184865,ZARV0094460,24117828051503,391600.00,RTGS,2025-01-20T03:09:48+05:30
TXN-000179,ZKVR0853805,42349026862,ZGDV0955625,70494902607167,2800.00,UPI,2025-01-20T08:30:00+05:30
TXN-000180,ZGDV0722792,76055036575658,ZKVR0231395,59372838131746,3000.00,UPI,2025-01-20T18:25:00+05:30
TXN-000181,ZKVR0186058,346793746876,ZNMD0123026,409772186664,4250.00,IMPS,2025-01-20T20:16:00+05:30
TXN-000182,ZGDV0711806,21409016372851,ZKVR0474112,38690428120812,4710.00,UPI,2025-01-21T13:05:00+05:30
TXN-000183,ZARV0104756,56663037718416,ZNMD0977718,1059547734120898,920.00,IMPS,2025-01-21T16:21:00+05:30
TXN-000184,ZKVR0853805,42349026862,ZKVR0231395,59372838131746,7500.00,UPI,2025-01-21T18:27:00+05:30
TXN-000185,ZGDV0279182,64596092578,ZNMD0977718,1059547734120898,2530.00,IMPS,2025-01-21T20:41:00+05:30
TXN-000186,ZARV0880251,3842947850229483,ZKVR0316645,155592538756,3450.00,IMPS,2025-01-21T21:53:00+05:30
TXN-000187,ZNMD0520427,8802759075214784,ZKVR0201615,135967096137,2610.00,UPI,2025-01-21T22:07:00+05:30
TXN-000188,ZKVR0546415,36465882156067,ZKVR0201615,135967096137,18000.00,UPI,2025-01-22T08:31:00+05:30
TXN-000189,ZARV0599465,26965979895120,ZKVR0231395,59372838131746,2800.00,IMPS,2025-01-22T18:38:00+05:30
TXN-000190,ZNMD0520427,8802759075214784,ZKVR0546415,36465882156067,3100.00,UPI,2025-01-22T19:55:00+05:30
TXN-000191,ZARV0599465,26965979895120,ZNMD0123026,409772186664,1110.00,IMPS,2025-01-22T20:07:00+05:30
TXN-000192,ZARV0095529,4584116110641260,ZGDV0403647,419432812783,2300.00,UPI,2025-01-23T10:33:00+05:30
TXN-000193,ZGDV0524175,80468702410,ZGDV0698481,214148069153,740.00,IMPS,2025-01-23T10:35:00+05:30
TXN-000194,ZARV0519176,95519852701,ZGDV0842838,6489677170416477,2460.00,UPI,2025-01-23T11:02:00+05:30
TXN-000195,ZGDV0279182,64596092578,ZGDV0403647,419432812783,1330.00,UPI,2025-01-23T11:23:00+05:30
TXN-000196,ZKVR0546415,36465882156067,ZGDV0403647,419432812783,16600.00,UPI,2025-01-23T11:41:00+05:30
TXN-000197,ZKVR0890873,2960023587937843,ZGDV0264737,650442899703,590.00,UPI,2025-01-23T13:15:00+05:30
TXN-000198,ZARV0094591,56243893730,ZGDV0955625,70494902607167,13270.00,UPI,2025-01-23T16:11:00+05:30
TXN-000199,ZKVR0268028,46154561864689,ZKVR0474112,38690428120812,5260.00,UPI,2025-01-23T16:28:00+05:30
TXN-000200,ZARV0086950,10465577896,ZARV0599465,26965979895120,7000.00,UPI,2025-01-23T18:01:00+05:30
TXN-000201,ZNMD0368668,713450472269,ZKVR0122101,1416049978764998,1680.00,UPI,2025-01-23T18:08:00+05:30
TXN-000202,ZKVR0189294,281714034673,ZNMD0123026,409772186664,24400.00,UPI,2025-01-23T18:30:00+05:30
TXN-000203,ZKVR0711349,311217374552,ZGDV0836188,81300741571,930.00,UPI,2025-01-23T19:12:00+05:30
TXN-000204,ZKVR0469965,4576041253223734,ZKVR0122101,1416049978764998,4160.00,IMPS,2025-01-23T19:38:00+05:30
TXN-000205,ZKVR0329204,4482253497910906,ZNMD0112876,65105240589,980.00,IMPS,2025-01-23T21:08:00+05:30
TXN-000206,ZARV0495419,52382165134,ZGDV0060249,95785738510033,61000.00,UPI,2025-01-23T22:52:00+05:30
TXN-000207,ZNMD0587919,365036192686,ZKVR0278239,273925885283,390.00,IMPS,2025-01-23T22:54:00+05:30
TXN-000208,ZNMD0700572,31986695700793,ZGDV0955625,70494902607167,320.00,UPI,2025-01-24T09:03:00+05:30
TXN-000209,ZGDV0281209,997066433929,ZNMD0977718,1059547734120898,16400.00,IMPS,2025-01-24T11:07:00+05:30
TXN-000210,ZNMD0990233,7781796239256157,ZGDV0836188,81300741571,1370.00,UPI,2025-01-24T11:24:00+05:30
TXN-000211,ZKVR0711349,311217374552,ZGDV0264737,650442899703,4080.00,IMPS,2025-01-24T21:16:00+05:30
TXN-000212,ZARV0779368,247347502388,ZARV0831528,81660304011,2920.00,UPI,2025-01-25T08:43:00+05:30
TXN-000213,ZKVR0711349,311217374552,ZGDV0264737,650442899703,7760.00,UPI,2025-01-25T11:36:00+05:30
TXN-000214,ZNMD0368668,713450472269,ZGDV0050806,2296589735015940,1020.00,UPI,2025-01-25T12:56:00+05:30
TXN-000215,ZNMD0368668,713450472269,ZGDV0050806,2296589735015940,430.00,UPI,2025-01-25T13:06:00+05:30
TXN-000216,ZARV0779368,247347502388,ZARV0831528,81660304011,1400.00,IMPS,2025-01-25T14:21:00+05:30
TXN-000217,ZNMD0520427,8802759075214784,ZGDV0524175,80468702410,8800.00,IMPS,2025-01-25T20:46:00+05:30
TXN-000218,ZKVR0853805,42349026862,ZKVR0278239,273925885283,15200.00,UPI,2025-01-25T22:18:00+05:30
TXN-000219,ZNMD0484562,198354875355,ZKVR0201615,135967096137,23100.00,UPI,2025-01-26T09:48:00+05:30
TXN-000220,ZARV0254988,88934470906800,ZGDV0264737,650442899703,1230.00,IMPS,2025-01-26T13:28:00+05:30
TXN-000221,ZARV0319947,7357326534972855,ZKVR0231395,59372838131746,590.00,IMPS,2025-01-26T15:21:00+05:30
TXN-000222,ZARV0495419,52382165134,ZNMD0110114,5305601891569179,24500.00,UPI,2025-01-26T16:56:00+05:30
TXN-000223,ZNMD0368668,713450472269,ZNMD0110114,5305601891569179,4980.00,UPI,2025-01-26T17:31:00+05:30
TXN-000224,ZNMD0235079,2525131583921333,ZGDV0914516,7027511489681119,1200.00,IMPS,2025-01-26T19:03:00+05:30
TXN-000225,ZARV0396941,8956830896202038,ZGDV0050806,2296589735015940,7220.00,UPI,2025-01-26T19:39:00+05:30
TXN-000226,ZNMD0324866,50984351846399,ZKVR0316645,155592538756,1390.00,UPI,2025-01-26T19:40:00+05:30
TXN-000227,ZGDV0524175,80468702410,ZKVR0546415,36465882156067,5300.00,UPI,2025-01-26T20:52:00+05:30
TXN-000228,ZNMD0484562,198354875355,ZGDV0698481,214148069153,7500.00,UPI,2025-01-26T21:47:00+05:30
TXN-000229,ZGDV0199050,13791179552,ZKVR0474112,38690428120812,490.00,UPI,2025-01-27T08:35:00+05:30
TXN-000230,ZNMD0990233,7781796239256157,ZGDV0842838,6489677170416477,510.00,UPI,2025-01-27T13:25:00+05:30
TXN-000231,ZGDV0860546,6445806238546018,ZKVR0278239,273925885283,400.00,UPI,2025-01-27T13:28:00+05:30
TXN-000232,ZARV0519176,95519852701,ZARV0880251,3842947850229483,5500.00,UPI,2025-01-27T14:52:00+05:30
TXN-000233,ZKVR0098532,91924037155,ZKVR0474112,38690428120812,1330.00,IMPS,2025-01-27T14:52:00+05:30
TXN-000234,ZKVR0264416,2920955977193273,ZNMD0123026,409772186664,27960.00,UPI,2025-01-27T16:09:00+05:30
TXN-000235,ZNMD0555777,7846825674975564,ZGDV0264737,650442899703,4700.00,IMPS,2025-01-27T17:13:00+05:30
TXN-000236,ZARV0396941,8956830896202038,ZGDV0050806,2296589735015940,1440.00,UPI,2025-01-27T19:18:00+05:30
TXN-000237,ZKVR0186058,346793746876,ZKVR0231395,59372838131746,4530.00,UPI,2025-01-27T21:28:00+05:30
TXN-000238,ZGDV0711806,21409016372851,ZGDV0068266,986554721182,13300.00,IMPS,2025-01-27T21:33:00+05:30
TXN-000239,ZARV0254988,88934470906800,ZGDV0836188,81300741571,470.00,UPI,2025-01-27T22:55:00+05:30
TXN-000240,ZARV0086950,10465577896,ZKVR0231395,59372838131746,4620.00,IMPS,2025-01-28T09:47:00+05:30
TXN-000241,ZNMD0235079,2525131583921333,ZNMD0112876,65105240589,3180.00,UPI,2025-01-28T11:02:00+05:30
TXN-000242,ZARV0745949,93522187504411,ZGDV0836188,81300741571,3750.00,UPI,2025-01-28T13:32:00+05:30
TXN-000243,ZARV0094591,56243893730,ZNMD0947097,30344625994126,1890.00,IMPS,2025-01-28T17:10:00+05:30
TXN-000244,ZNMD0484562,198354875355,ZARV0617958,49173696680314,27500.00,UPI,2025-01-28T18:30:00+05:30
TXN-000245,ZKVR0669376,4131711564511189,ZKVR0546415,36465882156067,5000.00,UPI,2025-01-28T18:56:00+05:30
TXN-000246,ZNMD0587919,365036192686,ZKVR0231395,59372838131746,5790.00,UPI,2025-01-28T19:10:00+05:30
TXN-000247,ZGDV0891267,55801883709482,ZGDV0698481,214148069153,190.00,UPI,2025-01-29T08:28:00+05:30
TXN-000248,ZKVR0546415,36465882156067,ZARV0617958,49173696680314,22000.00,IMPS,2025-01-29T10:21:00+05:30
TXN-000249,ZARV0745844,778088674514,ZKVR0231395,59372838131746,19000.00,UPI,2025-01-29T13:03:00+05:30
TXN-000250,ZARV0556607,8182324692435618,ZGDV0955625,70494902607167,22500.00,IMPS,2025-01-29T15:42:00+05:30
TXN-000251,ZARV0007961,649524061246,ZGDV0264737,650442899703,2210.00,UPI,2025-01-29T15:51:00+05:30
TXN-000252,ZNMD0696084,6446483955427888,ZNMD0112876,65105240589,3370.00,UPI,2025-01-29T16:11:00+05:30
TXN-000253,ZGDV0722792,76055036575658,ZKVR0278239,273925885283,12600.00,IMPS,2025-01-29T17:30:00+05:30
TXN-000254,ZARV0104756,56663037718416,ZKVR0201615,135967096137,1280.00,IMPS,2025-01-30T10:11:00+05:30
TXN-000255,ZNMD0587919,365036192686,ZNMD0947097,30344625994126,1840.00,UPI,2025-01-30T11:13:00+05:30
TXN-000256,ZARV0319947,7357326534972855,ZNMD0123026,409772186664,780.00,UPI,2025-01-30T11:54:00+05:30
TXN-000257,ZKVR0329204,4482253497910906,ZGDV0121914,63592870665356,3840.00,UPI,2025-01-30T12:49:00+05:30
TXN-000258,ZNMD0007921,8521044047953883,ZNMD0977718,1059547734120898,1830.00,UPI,2025-01-30T13:27:00+05:30
TXN-000259,ZNMD0007921,8521044047953883,ZGDV0403647,419432812783,18610.00,UPI,2025-01-30T14:46:00+05:30
TXN-000260,ZNMD0778339,65642075982039,ZKVR0122101,1416049978764998,1350.00,IMPS,2025-01-30T15:02:00+05:30
TXN-000261,ZKVR0853805,42349026862,ZGDV0955625,70494902607167,3300.00,IMPS,2025-01-30T16:30:00+05:30
TXN-000262,ZARV0779368,247347502388,ZNMD0110114,5305601891569179,840.00,IMPS,2025-01-30T17:25:00+05:30
TXN-000263,ZARV0613886,29424441603891,ZKVR0278239,273925885283,4370.00,UPI,2025-01-30T18:50:00+05:30
TXN-000264,ZKVR0853805,42349026862,ZKVR0278239,273925885283,16600.00,IMPS,2025-01-30T20:32:00+05:30
TXN-000265,ZARV0278780,5585485901880963,ZKVR0474112,38690428120812,4880.00,IMPS,2025-01-30T20:45:00+05:30
TXN-000266,ZARV0617958,49173696680314,ZGDV0281209,997066433929,88000.00,UPI,2025-01-30T22:49:00+05:30
TXN-000267,ZKVR0186058,346793746876,ZGDV0955625,70494902607167,2310.00,UPI,2025-01-31T08:24:00+05:30
TXN-000268,ZGDV0928130,906180924966,ZARV0919996,386172292609,50500.00,NEFT,2025-01-31T09:11:00+05:30
TXN-000269,ZNMD0152141,2950914371513095,ZARV0104756,56663037718416,54500.00,NEFT,2025-01-31T10:01:00+05:30
TXN-000270,ZARV0657336,88615120041,ZNMD0676603,445065079507,38000.00,NEFT,2025-01-31T10:07:00+05:30
TXN-000271,ZKVR0890873,2960023587937843,ZGDV0842838,6489677170416477,2070.00,UPI,2025-01-31T10:15:00+05:30
TXN-000272,ZARV0477133,82150535453010,ZARV0086950,10465577896,41500.00,NEFT,2025-01-31T10:20:00+05:30
TXN-000273,ZARV0477133,82150535453010,ZKVR0186058,346793746876,33000.00,NEFT,2025-01-31T10:54:00+05:30
TXN-000274,ZNMD0537065,63788388246,ZNMD0778339,65642075982039,28000.00,NEFT,2025-01-31T11:16:00+05:30
TXN-000275,ZARV0599465,26965979895120,ZNMD0123026,409772186664,1930.00,UPI,2025-01-31T11:17:00+05:30
TXN-000276,ZARV0657336,88615120041,ZKVR0329204,4482253497910906,21500.00,NEFT,2025-01-31T11:40:00+05:30
TXN-000277,ZKVR0606389,31265741521176,ZNMD0324866,50984351846399,58000.00,NEFT,2025-01-31T12:44:00+05:30
TXN-000278,ZARV0117149,66524151229,ZARV0519176,95519852701,22500.00,NEFT,2025-01-31T12:48:00+05:30
TXN-000279,ZKVR0711349,311217374552,ZGDV0264737,650442899703,910.00,UPI,2025-01-31T13:59:00+05:30
TXN-000280,ZARV0104756,56663037718416,ZGDV0698481,214148069153,1130.00,UPI,2025-01-31T16:33:00+05:30
TXN-000281,ZARV0396941,8956830896202038,ZNMD0110114,5305601891569179,900.00,IMPS,2025-01-31T18:40:00+05:30
TXN-000282,ZKVR0098532,91924037155,ZKVR0474112,38690428120812,13100.00,UPI,2025-01-31T19:16:00+05:30
TXN-000283,ZARV0094591,56243893730,ZKVR0231395,59372838131746,2580.00,IMPS,2025-01-31T20:41:00+05:30
TXN-000284,ZKVR0617354,78564396525,ZGDV0279182,64596092578,29500.00,NEFT,2025-02-01T09:07:00+05:30
TXN-000285,ZKVR0606389,31265741521176,ZARV0519176,95519852701,33000.00,NEFT,2025-02-01T09:13:00+05:30
TXN-000286,ZARV0599465,26965979895120,ZKVR0231395,59372838131746,680.00,UPI,2025-02-01T09:15:00+05:30
TXN-000287,ZNMD0823935,9822007199094188,ZGDV0199050,13791179552,39000.00,NEFT,2025-02-01T09:45:00+05:30
TXN-000288,ZARV0477133,82150535453010,ZNMD0587919,365036192686,42000.00,NEFT,2025-02-01T10:22:00+05:30
TXN-000289,ZKVR0617354,78564396525,ZNMD0544711,43197849240367,54000.00,NEFT,2025-02-01T10:26:00+05:30
TXN-000290,ZARV0477133,82150535453010,ZARV0094591,56243893730,54500.00,NEFT,2025-02-01T10:29:00+05:30
TXN-000291,ZNMD0537065,63788388246,ZKVR0098532,91924037155,25000.00,NEFT,2025-02-01T10:47:00+05:30
TXN-000292,ZNMD0537065,63788388246,ZGDV0199050,13791179552,33500.00,NEFT,2025-02-01T10:48:00+05:30
TXN-000293,ZNMD0823935,9822007199094188,ZARV0779368,247347502388,35500.00,NEFT,2025-02-01T11:05:00+05:30
TXN-000294,ZARV0831528,81660304011,ZARV0495419,52382165134,48000.00,IMPS,2025-02-01T11:23:00+05:30
TXN-000295,ZGDV0586089,1994021473530432,ZNMD0696084,6446483955427888,47000.00,NEFT,2025-02-01T11:24:00+05:30
TXN-000296,ZARV0150108,10564200188213,ZKVR0278239,273925885283,3600.00,IMPS,2025-02-01T11:54:00+05:30
TXN-000297,ZNMD0676603,445065079507,ZGDV0121914,63592870665356,2370.00,UPI,2025-02-01T11:59:00+05:30
TXN-000298,ZNMD0152141,2950914371513095,ZNMD0544711,43197849240367,26500.00,NEFT,2025-02-01T12:05:00+05:30
TXN-000299,ZNMD0537065,63788388246,ZKVR0469965,4576041253223734,60000.00,NEFT,2025-02-01T12:12:00+05:30
TXN-000300,ZGDV0524175,80468702410,ZARV0105785,89505366673,430.00,UPI,2025-02-01T14:16:00+05:30
TXN-000301,ZARV0880251,3842947850229483,ZGDV0264737,650442899703,2250.00,UPI,2025-02-01T14:28:00+05:30
TXN-000302,ZNMD0484562,198354875355,ZNMD0977718,1059547734120898,6600.00,IMPS,2025-02-01T17:07:00+05:30
TXN-000303,ZKVR0587534,7290333581499695,ZKVR0122101,1416049978764998,14000.00,IMPS,2025-02-01T18:24:00+05:30
TXN-000304,ZKVR0186058,346793746876,ZNMD0123026,409772186664,1930.00,UPI,2025-02-01T19:03:00+05:30
TXN-000305,ZGDV0891267,55801883709482,ZKVR0546415,36465882156067,4400.00,IMPS,2025-02-01T23:22:00+05:30
TXN-000306,ZGDV0928130,906180924966,ZKVR0264416,2920955977193273,55000.00,NEFT,2025-02-02T09:22:00+05:30
TXN-000307,ZARV0657336,88615120041,ZNMD0696084,6446483955427888,34000.00,NEFT,2025-02-02T10:04:00+05:30
TXN-000308,ZGDV0586089,1994021473530432,ZKVR0329204,4482253497910906,42500.00,NEFT,2025-02-02T10:27:00+05:30
TXN-000309,ZNMD0823935,9822007199094188,ZKVR0469965,4576041253223734,19500.00,NEFT,2025-02-02T10:38:00+05:30
TXN-000310,ZNMD0823935,9822007199094188,ZGDV0711806,21409016372851,37000.00,NEFT,2025-02-02T10:40:00+05:30
TXN-000311,ZARV0278780,5585485901880963,ZARV0831528,81660304011,1840.00,UPI,2025-02-02T10:49:00+05:30
TXN-000312,ZARV0117149,66524151229,ZARV0007961,649524061246,29000.00,NEFT,2025-02-02T11:46:00+05:30
TXN-000313,ZKVR0606389,31265741521176,ZARV0880251,3842947850229483,61500.00,NEFT,2025-02-02T12:03:00+05:30
TXN-000314,ZGDV0586089,1994021473530432,ZNMD0676603,445065079507,26500.00,NEFT,2025-02-02T12:31:00+05:30
TXN-000315,ZARV0617958,49173696680314,ZARV0105785,89505366673,7700.00,IMPS,2025-02-02T14:03:00+05:30
TXN-000316,ZGDV0711806,21409016372851,ZKVR0474112,38690428120812,450.00,UPI,2025-02-02T19:03:00+05:30
TXN-000317,ZARV0086950,10465577896,ZKVR0231395,59372838131746,4420.00,IMPS,2025-02-02T20:29:00+05:30
TXN-000318,ZGDV0860546,6445806238546018,ZKVR0278239,273925885283,1310.00,IMPS,2025-02-03T08:35:00+05:30
TXN-000319,ZNMD0368668,713450472269,ZARV0831528,81660304011,500.00,IMPS,2025-02-03T10:20:00+05:30
TXN-000320,ZGDV0489435,4267221805213723,ZKVR0316645,155592538756,14100.00,UPI,2025-02-03T11:30:00+05:30
TXN-000321,ZNMD0700572,31986695700793,ZNMD0947097,30344625994126,3320.00,UPI,2025-02-03T12:12:00+05:30
TXN-000322,ZNMD0555777,7846825674975564,ZGDV0842838,6489677170416477,20400.00,UPI,2025-02-03T12:52:00+05:30
TXN-000323,ZARV0979572,585873296710,ZARV0105785,89505366673,1880.00,UPI,2025-02-03T12:55:00+05:30
TXN-000324,ZGDV0248469,3143709638627207,ZKVR0639665,81715651721,19500.00,UPI,2025-02-03T18:09:00+05:30
TXN-000325,ZARV0090477,4459654850131962,ZNMD0947097,30344625994126,3300.00,IMPS,2025-02-03T18:43:00+05:30
TXN-000326,ZNMD0520427,8802759075214784,ZKVR0546415,36465882156067,2400.00,UPI,2025-02-03T20:23:00+05:30
TXN-000327,ZGDV0575368,80258747958,ZGDV0842838,6489677170416477,660.00,IMPS,2025-02-04T13:43:00+05:30
TXN-000328,ZNMD0520427,8802759075214784,ZKVR0201615,135967096137,1240.00,IMPS,2025-02-04T15:07:00+05:30
TXN-000329,ZARV0319947,7357326534972855,ZNMD0947097,30344625994126,480.00,UPI,2025-02-04T17:48:00+05:30
TXN-000330,ZKVR0098532,91924037155,ZKVR0474112,38690428120812,880.00,UPI,2025-02-04T19:12:00+05:30
TXN-000331,ZNMD0544711,43197849240367,ZARV0105785,89505366673,3160.00,IMPS,2025-02-04T20:41:00+05:30
TXN-000332,ZGDV0524175,80468702410,ZNMD0520427,8802759075214784,8800.00,UPI,2025-02-04T21:17:00+05:30
TXN-000333,ZNMD0524253,552337400089,ZGDV0836188,81300741571,80.00,UPI,2025-02-05T11:13:00+05:30
TXN-000334,ZKVR0186058,346793746876,ZGDV0955625,70494902607167,520.00,IMPS,2025-02-05T12:18:00+05:30
TXN-000335,ZARV0396941,8956830896202038,ZARV0831528,81660304011,3540.00,IMPS,2025-02-05T14:06:00+05:30
TXN-000336,ZARV0745844,778088674514,ZNMD0947097,30344625994126,13100.00,UPI,2025-02-05T14:29:00+05:30
TXN-000337,ZKVR0268028,46154561864689,ZNMD0110114,5305601891569179,1160.00,UPI,2025-02-05T18:12:00+05:30
TXN-000338,ZNMD0235079,2525131583921333,ZGDV0121914,63592870665356,4010.00,UPI,2025-02-05T19:33:00+05:30
TXN-000339,ZGDV0105287,3660851609801178,ZKVR0316645,155592538756,2300.00,IMPS,2025-02-05T20:23:00+05:30
TXN-000340,ZNMD0676603,445065079507,ZNMD0696084,6446483955427888,1900.00,UPI,2025-02-05T21:43:00+05:30
TXN-000341,ZKVR0546415,36465882156067,ZNMD0977718,1059547734120898,4700.00,IMPS,2025-02-05T21:55:00+05:30
TXN-000342,ZNMD0368668,713450472269,ZKVR0122101,1416049978764998,1080.00,UPI,2025-02-06T09:29:00+05:30
TXN-000343,ZKVR0261171,4350429360999554,ZARV0495419,52382165134,25000.00,IMPS,2025-02-06T12:21:00+05:30
TXN-000344,ZNMD0007921,8521044047953883,ZARV0105785,89505366673,1920.00,UPI,2025-02-06T20:52:00+05:30
TXN-000345,ZARV0495419,52382165134,ZGDV0060249,95785738510033,51000.00,IMPS,2025-02-07T08:27:00+05:30
TXN-000346,ZARV0880251,3842947850229483,ZGDV0842838,6489677170416477,460.00,UPI,2025-02-07T11:09:00+05:30
TXN-000347,ZARV0297900,81086604544,ZGDV0050806,2296589735015940,17200.00,UPI,2025-02-07T13:30:00+05:30
TXN-000348,ZARV0319947,7357326534972855,ZNMD0947097,30344625994126,1140.00,UPI,2025-02-07T18:04:00+05:30
TXN-000349,ZGDV0197465,51846197404069,ZARV0105785,89505366673,330.00,IMPS,2025-02-07T20:52:00+05:30
TXN-000350,ZNMD0832635,5760355546659049,ZNMD0947097,30344625994126,23800.00,UPI,2025-02-08T10:25:00+05:30
TXN-000351,ZGDV0860546,6445806238546018,ZKVR0231395,59372838131746,1130.00,IMPS,2025-02-08T12:00:00+05:30
TXN-000352,ZKVR0268028,46154561864689,ZKVR0474112,38690428120812,1620.00,UPI,2025-02-08T12:15:00+05:30
TXN-000353,ZNMD0368668,713450472269,ZNMD0778339,65642075982039,19100.00,UPI,2025-02-08T12:55:00+05:30
TXN-000354,ZKVR0546415,36465882156067,ZARV0617958,49173696680314,21500.00,UPI,2025-02-08T19:29:00+05:30
TXN-000355,ZARV0150108,10564200188213,ZKVR0231395,59372838131746,21300.00,IMPS,2025-02-08T19:50:00+05:30
TXN-000356,ZKVR0329204,4482253497910906,ZGDV0914516,7027511489681119,2070.00,IMPS,2025-02-08T21:06:00+05:30
TXN-000357,ZNMD0544711,43197849240367,ZNMD0484562,198354875355,5900.00,UPI,2025-02-08T23:45:00+05:30
TXN-000358,ZGDV0711806,21409016372851,ZKVR0261171,4350429360999554,2590.00,IMPS,2025-02-09T09:51:00+05:30
TXN-000359,ZNMD0587919,365036192686,ZNMD0947097,30344625994126,2380.00,UPI,2025-02-09T13:23:00+05:30
TXN-000360,ZARV0086950,10465577896,ZKVR0231395,59372838131746,850.00,IMPS,2025-02-09T14:17:00+05:30
TXN-000361,ZNMD0484562,198354875355,ZARV0617958,49173696680314,37000.00,UPI,2025-02-09T15:01:00+05:30
TXN-000362,ZARV0104756,56663037718416,ZGDV0543292,3337619347987285,53500.00,IMPS,2025-02-09T17:36:00+05:30
TXN-000363,ZARV0104756,56663037718416,ZGDV0543292,3337619347987285,30000.00,IMPS,2025-02-09T17:46:00+05:30
TXN-000364,ZKVR0138643,6435835492797107,ZGDV0842838,6489677170416477,13100.00,UPI,2025-02-09T19:44:00+05:30
TXN-000365,ZGDV0199050,13791179552,ZARV0831528,81660304011,1360.00,IMPS,2025-02-09T22:59:00+05:30
TXN-000366,ZGDV0543292,3337619347987285,ZARV0556607,8182324692435618,52200.00,IMPS,2025-02-10T02:36:00+05:30
TXN-000367,ZGDV0543292,3337619347987285,ZARV0556607,8182324692435618,29300.00,IMPS,2025-02-10T02:46:00+05:30
TXN-000368,ZNMD0832635,5760355546659049,ZKVR0231395,59372838131746,13000.00,IMPS,2025-02-10T10:26:00+05:30
TXN-000369,ZARV0880251,3842947850229483,ZNMD0498591,530299490847,580.00,IMPS,2025-02-10T10:53:00+05:30
TXN-000370,ZGDV0068266,986554721182,ZGDV0711806,21409016372851,13300.00,IMPS,2025-02-10T10:55:00+05:30
TXN-000371,ZARV0556607,8182324692435618,ZNMD0235052,22140184865,28700.00,UPI,2025-02-10T15:46:00+05:30
TXN-000372,ZARV0556607,8182324692435618,ZNMD0235052,22140184865,50500.00,UPI,2025-02-10T19:36:00+05:30
TXN-000373,ZARV0094460,24117828051503,ZKVR0231395,59372838131746,6200.00,UPI,2025-02-10T20:18:00+05:30
TXN-000374,ZGDV0891267,55801883709482,ZKVR0201615,135967096137,1240.00,UPI,2025-02-11T12:10:00+05:30
TXN-000375,ZGDV0575368,80258747958,ZGDV0836188,81300741571,1090.00,UPI,2025-02-11T15:03:00+05:30
TXN-000376,ZNMD0587919,365036192686,ZARV0613886,29424441603891,9100.00,UPI,2025-02-11T15:40:00+05:30
TXN-000377,ZKVR0268028,46154561864689,ZKVR0261171,4350429360999554,11820.00,IMPS,2025-02-11T18:01:00+05:30
TXN-000378,ZNMD0484562,198354875355,ZKVR0201615,135967096137,8200.00,IMPS,2025-02-11T20:45:00+05:30
TXN-000379,ZKVR0469965,4576041253223734,ZKVR0261171,4350429360999554,320.00,UPI,2025-02-11T22:00:00+05:30
TXN-000380,ZGDV0851267,3896253381492550,ZNMD0110114,5305601891569179,11900.00,UPI,2025-02-12T10:22:00+05:30
TXN-000381,ZGDV0068266,986554721182,ZKVR0474112,38690428120812,570.00,IMPS,2025-02-12T10:25:00+05:30
TXN-000382,ZGDV0199050,13791179552,ZKVR0261171,4350429360999554,2220.00,UPI,2025-02-12T11:05:00+05:30
TXN-000383,ZKVR0890873,2960023587937843,ZGDV0842838,6489677170416477,1630.00,IMPS,2025-02-12T11:33:00+05:30
TXN-000384,ZKVR0669376,4131711564511189,ZGDV0403647,419432812783,6070.00,IMPS,2025-02-12T12:35:00+05:30
TXN-000385,ZGDV0279182,64596092578,ZARV0105785,89505366673,5490.00,UPI,2025-02-12T12:52:00+05:30
TXN-000386,ZNMD0544711,43197849240367,ZGDV0698481,214148069153,740.00,IMPS,2025-02-12T13:54:00+05:30
TXN-000387,ZKVR0268028,46154561864689,ZARV0831528,81660304011,870.00,UPI,2025-02-12T17:07:00+05:30
TXN-000388,ZARV0613886,29424441603891,ZGDV0955625,70494902607167,1640.00,UPI,2025-02-12T19:31:00+05:30
TXN-000389,ZGDV0199050,13791179552,ZARV0831528,81660304011,2520.00,UPI,2025-02-13T09:39:00+05:30
TXN-000390,ZKVR0098532,91924037155,ZKVR0261171,4350429360999554,2760.00,UPI,2025-02-13T12:55:00+05:30
TXN-000391,ZARV0617958,49173696680314,ZGDV0281209,997066433929,78000.00,IMPS,2025-02-13T13:36:00+05:30
TXN-000392,ZNMD0235079,2525131583921333,ZNMD0112876,65105240589,650.00,IMPS,2025-02-13T18:01:00+05:30
TXN-000393,ZNMD0700572,31986695700793,ZGDV0860546,6445806238546018,2800.00,UPI,2025-02-14T11:41:00+05:30
TXN-000394,ZARV0519176,95519852701,ZGDV0836188,81300741571,1630.00,UPI,2025-02-14T13:09:00+05:30
TXN-000395,ZARV0599465,26965979895120,ZARV0086950,10465577896,7000.00,UPI,2025-02-14T15:04:00+05:30
TXN-000396,ZKVR0711349,311217374552,ZGDV0543292,3337619347987285,129500.00,IMPS,2025-02-14T17:19:00+05:30
TXN-000397,ZARV0278780,5585485901880963,ZARV0831528,81660304011,1680.00,IMPS,2025-02-14T17:35:00+05:30
TXN-000398,ZARV0919996,386172292609,ZKVR0278239,273925885283,2270.00,UPI,2025-02-14T18:38:00+05:30
TXN-000399,ZKVR0469965,4576041253223734,ZARV0831528,81660304011,930.00,IMPS,2025-02-14T19:12:00+05:30
TXN-000400,ZKVR0138643,6435835492797107,ZNMD0832635,5760355546659049,390000.00,RTGS,2025-02-14T22:00:00+05:30
TXN-000401,ZGDV0543292,3337619347987285,ZARV0556607,8182324692435618,124400.00,NEFT,2025-02-14T22:19:00+05:30
TXN-000402,ZARV0254988,88934470906800,ZKVR0316645,155592538756,1340.00,UPI,2025-02-14T22:26:00+05:30
TXN-000403,ZGDV0524175,80468702410,ZNMD0977718,1059547734120898,770.00,UPI,2025-02-15T08:07:00+05:30
TXN-000404,ZGDV0543292,3337619347987285,ZKVR0278239,273925885283,23000.00,UPI,2025-02-15T08:11:00+05:30
TXN-000405,ZARV0613886,29424441603891,ZGDV0955625,70494902607167,9830.00,UPI,2025-02-15T10:08:00+05:30
TXN-000406,ZARV0556607,8182324692435618,ZNMD0235052,22140184865,121600.00,NEFT,2025-02-15T10:19:00+05:30
TXN-000407,ZNMD0832635,5760355546659049,ZNMD0235052,22140184865,350000.00,RTGS,2025-02-15T10:22:00+05:30
TXN-000408,ZARV0745844,778088674514,ZKVR0278239,273925885283,3900.00,IMPS,2025-02-15T12:34:00+05:30
TXN-000409,ZARV0979572,585873296710,ZKVR0201615,135967096137,2640.00,UPI,2025-02-15T12:37:00+05:30
TXN-000410,ZNMD0324866,50984351846399,ZGDV0264737,650442899703,3180.00,IMPS,2025-02-15T14:05:00+05:30
TXN-000411,ZNMD0555777,7846825674975564,ZGDV0836188,81300741571,3600.00,UPI,2025-02-15T19:22:00+05:30
TXN-000412,ZNMD0587919,365036192686,ZNMD0947097,30344625994126,2880.00,IMPS,2025-02-15T22:45:00+05:30
TXN-000413,ZARV0095529,4584116110641260,ZGDV0055332,40104018190,2210.00,UPI,2025-02-16T09:27:00+05:30
TXN-000414,ZGDV0117620,40739235064,ZNMD0498591,530299490847,7300.00,UPI,2025-02-16T11:30:00+05:30
TXN-000415,ZARV0254988,88934470906800,ZGDV0842838,6489677170416477,780.00,UPI,2025-02-16T13:45:00+05:30
TXN-000416,ZGDV0891267,55801883709482,ZNMD0977718,1059547734120898,1980.00,UPI,2025-02-16T14:25:00+05:30
TXN-000417,ZNMD0324866,50984351846399,ZGDV0842838,6489677170416477,1220.00,IMPS,2025-02-16T14:44:00+05:30
TXN-000418,ZKVR0138643,6435835492797107,ZGDV0264737,650442899703,3400.00,UPI,2025-02-16T16:17:00+05:30
TXN-000419,ZGDV0279182,64596092578,ZGDV0891267,55801883709482,3000.00,IMPS,2025-02-16T18:55:00+05:30
TXN-000420,ZGDV0891267,55801883709482,ZNMD0484562,198354875355,1900.00,IMPS,2025-02-16T19:59:00+05:30
TXN-000421,ZARV0745949,93522187504411,ZGDV0836188,81300741571,1750.00,IMPS,2025-02-16T20:17:00+05:30
TXN-000422,ZARV0297900,81086604544,ZKVR0122101,1416049978764998,14600.00,UPI,2025-02-16T20:45:00+05:30
TXN-000423,ZARV0254988,88934470906800,ZGDV0836188,81300741571,3690.00,UPI,2025-02-16T22:29:00+05:30
TXN-000424,ZGDV0060249,95785738510033,ZGDV0050806,2296589735015940,21700.00,IMPS,2025-02-17T08:03:00+05:30
TXN-000425,ZKVR0587534,7290333581499695,ZNMD0110114,5305601891569179,15400.00,UPI,2025-02-17T10:44:00+05:30
TXN-000426,ZARV0095529,4584116110641260,ZGDV0698481,214148069153,510.00,IMPS,2025-02-17T12:17:00+05:30
TXN-000427,ZNMD0990233,7781796239256157,ZGDV0543292,3337619347987285,69000.00,IMPS,2025-02-17T15:14:00+05:30
TXN-000428,ZNMD0520427,8802759075214784,ZKVR0546415,36465882156067,2100.00,IMPS,2025-02-17T18:03:00+05:30
TXN-000429,ZNMD0524253,552337400089,ZKVR0316645,155592538756,2020.00,IMPS,2025-02-17T18:35:00+05:30
TXN-000430,ZGDV0543292,3337619347987285,ZGDV0955625,70494902607167,22600.00,UPI,2025-02-17T20:41:00+05:30
TXN-000431,ZGDV0543292,3337619347987285,ZARV0556607,8182324692435618,66900.00,UPI,2025-02-18T07:14:00+05:30
TXN-000432,ZGDV0860546,6445806238546018,ZNMD0947097,30344625994126,1360.00,UPI,2025-02-18T10:44:00+05:30
TXN-000433,ZNMD0853761,95412555046339,ZGDV0955625,70494902607167,22600.00,UPI,2025-02-18T11:51:00+05:30
TXN-000434,ZNMD0700572,31986695700793,ZNMD0123026,409772186664,950.00,IMPS,2025-02-18T14:44:00+05:30
TXN-000435,ZKVR0546415,36465882156067,ZARV0617958,49173696680314,22500.00,IMPS,2025-02-18T16:06:00+05:30
TXN-000436,ZARV0095529,4584116110641260,ZGDV0698481,214148069153,2450.00,UPI,2025-02-18T18:43:00+05:30
TXN-000437,ZARV0556607,8182324692435618,ZNMD0235052,22140184865,64600.00,UPI,2025-02-18T22:14:00+05:30
TXN-000438,ZARV0094460,24117828051503,ZNMD0123026,409772186664,15700.00,IMPS,2025-02-18T22:24:00+05:30
TXN-000439,ZARV0556607,8182324692435618,ZGDV0955625,70494902607167,15400.00,IMPS,2025-02-19T09:04:00+05:30
TXN-000440,ZNMD0700572,31986695700793,ZNMD0123026,409772186664,2200.00,IMPS,2025-02-19T16:34:00+05:30
TXN-000441,ZKVR0604643,67609492345319,ZGDV0055332,40104018190,3950.00,UPI,2025-02-19T16:54:00+05:30
TXN-000442,ZARV0880251,3842947850229483,ZNMD0498591,530299490847,2430.00,UPI,2025-02-19T17:24:00+05:30
TXN-000443,ZARV0090477,4459654850131962,ZKVR0231395,59372838131746,24700.00,IMPS,2025-02-19T21:10:00+05:30
TXN-000444,ZKVR0189294,281714034673,ZKVR0231395,59372838131746,16200.00,UPI,2025-02-20T10:09:00+05:30
TXN-000445,ZNMD0324866,50984351846399,ZNMD0498591,530299490847,5580.00,UPI,2025-02-20T11:26:00+05:30
TXN-000446,ZARV0617958,49173696680314,ZGDV0403647,419432812783,17300.00,UPI,2025-02-20T14:51:00+05:30
TXN-000447,ZGDV0711806,21409016372851,ZKVR0261171,4350429360999554,1110.00,IMPS,2025-02-20T22:56:00+05:30
TXN-000448,ZKVR0711349,311217374552,ZNMD0498591,530299490847,3050.00,UPI,2025-02-21T09:02:00+05:30
TXN-000449,ZARV0254988,88934470906800,ZKVR0316645,155592538756,510.00,IMPS,2025-02-21T09:19:00+05:30
TXN-000450,ZGDV0197465,51846197404069,ZARV0105785,89505366673,2800.00,UPI,2025-02-21T11:11:00+05:30
TXN-000451,ZNMD0990233,7781796239256157,ZNMD0498591,530299490847,1420.00,UPI,2025-02-21T14:35:00+05:30
TXN-000452,ZGDV0068266,986554721182,ZKVR0474112,38690428120812,1410.00,UPI,2025-02-21T15:14:00+05:30
TXN-000453,ZKVR0604643,67609492345319,ZKVR0201615,135967096137,1330.00,UPI,2025-02-21T15:29:00+05:30
TXN-000454,ZARV0007961,649524061246,ZNMD0498591,530299490847,3150.00,IMPS,2025-02-21T15:48:00+05:30
TXN-000455,ZNMD0484562,198354875355,ZARV0617958,49173696680314,19500.00,UPI,2025-02-21T18:38:00+05:30
TXN-000456,ZNMD0778339,65642075982039,ZGDV0050806,2296589735015940,1700.00,IMPS,2025-02-21T19:35:00+05:30
TXN-000457,ZARV0745949,93522187504411,ZNMD0498591,530299490847,1580.00,IMPS,2025-02-21T20:08:00+05:30
TXN-000458,ZARV0094591,56243893730,ZKVR0231395,59372838131746,2190.00,UPI,2025-02-21T22:52:00+05:30
TXN-000459,ZARV0319947,7357326534972855,ZKVR0231395,59372838131746,2420.00,UPI,2025-02-22T11:00:00+05:30
TXN-000460,ZNMD0778339,65642075982039,ZGDV0050806,2296589735015940,7050.00,UPI,2025-02-22T14:06:00+05:30
TXN-000461,ZKVR0711349,311217374552,ZGDV0836188,81300741571,1990.00,UPI,2025-02-22T14:38:00+05:30
TXN-000462,ZKVR0604643,67609492345319,ZNMD0977718,1059547734120898,2380.00,UPI,2025-02-22T15:08:00+05:30
TXN-000463,ZARV0779368,247347502388,ZARV0831528,81660304011,980.00,UPI,2025-02-22T15:16:00+05:30
TXN-000464,ZKVR0329204,4482253497910906,ZNMD0235079,2525131583921333,2500.00,IMPS,2025-02-22T15:26:00+05:30
TXN-000465,ZGDV0068266,986554721182,ZNMD0110114,5305601891569179,2920.00,UPI,2025-02-22T19:08:00+05:30
TXN-000466,ZARV0495419,52382165134,ZGDV0060249,95785738510033,72000.00,UPI,2025-02-22T21:18:00+05:30
TXN-000467,ZARV0278780,5585485901880963,ZNMD0110114,5305601891569179,3870.00,UPI,2025-02-22T22:54:00+05:30
TXN-000468,ZNMD0544711,43197849240367,ZGDV0698481,214148069153,550.00,UPI,2025-02-22T22:54:00+05:30
TXN-000469,ZGDV0197465,51846197404069,ZGDV0698481,214148069153,1930.00,UPI,2025-02-23T09:23:00+05:30
TXN-000470,ZNMD0990233,7781796239256157,ZNMD0498591,530299490847,4720.00,IMPS,2025-02-23T14:53:00+05:30
TXN-000471,ZARV0745949,93522187504411,ZGDV0836188,81300741571,2560.00,IMPS,2025-02-23T15:13:00+05:30
TXN-000472,ZKVR0711349,311217374552,ZKVR0316645,155592538756,3690.00,UPI,2025-02-23T16:36:00+05:30
TXN-000473,ZGDV0891267,55801883709482,ZGDV0698481,214148069153,9440.00,IMPS,2025-02-23T17:01:00+05:30
TXN-000474,ZGDV0524175,80468702410,ZKVR0201615,135967096137,1530.00,UPI,2025-02-23T21:14:00+05:30
TXN-000475,ZARV0519176,95519852701,ZGDV0842838,6489677170416477,2060.00,IMPS,2025-02-23T22:38:00+05:30
TXN-000476,ZGDV0117620,40739235064,ZGDV0264737,650442899703,9600.00,IMPS,2025-02-24T10:37:00+05:30
TXN-000477,ZNMD0696084,6446483955427888,ZNMD0676603,445065079507,1900.00,UPI,2025-02-24T10:57:00+05:30
TXN-000478,ZARV0007961,649524061246,ZNMD0498591,530299490847,910.00,UPI,2025-02-24T14:52:00+05:30
TXN-000479,ZARV0556607,8182324692435618,ZGDV0955625,70494902607167,6300.00,UPI,2025-02-24T15:20:00+05:30
TXN-000480,ZARV0779368,247347502388,ZKVR0122101,1416049978764998,360.00,UPI,2025-02-24T19:26:00+05:30
TXN-000481,ZNMD0520427,8802759075214784,ZKVR0201615,135967096137,810.00,UPI,2025-02-24T19:32:00+05:30
TXN-000482,ZNMD0007921,8521044047953883,ZARV0105785,89505366673,3280.00,UPI,2025-02-24T20:00:00+05:30
TXN-000483,ZNMD0532558,22645406307458,ZGDV0842838,6489677170416477,22400.00,IMPS,2025-02-25T08:41:00+05:30
TXN-000484,ZKVR0186058,346793746876,ZNMD0947097,30344625994126,6640.00,UPI,2025-02-25T09:17:00+05:30
TXN-000485,ZGDV0860546,6445806238546018,ZNMD0700572,31986695700793,2800.00,UPI,2025-02-25T09:22:00+05:30
TXN-000486,ZGDV0860546,6445806238546018,ZKVR0278239,273925885283,9180.00,UPI,2025-02-25T10:53:00+05:30
TXN-000487,ZGDV0197465,51846197404069,ZGDV0403647,419432812783,4260.00,UPI,2025-02-25T14:05:00+05:30
TXN-000488,ZNMD0587919,365036192686,ZGDV0955625,70494902607167,1520.00,UPI,2025-02-25T22:45:00+05:30
TXN-000489,ZNMD0778339,65642075982039,ZGDV0050806,2296589735015940,750.00,IMPS,2025-02-26T08:29:00+05:30
TXN-000490,ZGDV0117620,40739235064,ZGDV0264737,650442899703,5400.00,UPI,2025-02-26T11:07:00+05:30
TXN-000491,ZNMD0368668,713450472269,ZNMD0110114,5305601891569179,1170.00,IMPS,2025-02-26T13:00:00+05:30
TXN-000492,ZARV0745949,93522187504411,ZKVR0316645,155592538756,1190.00,IMPS,2025-02-26T16:28:00+05:30
TXN-000493,ZNMD0324711,20354713714,ZKVR0316645,155592538756,20200.00,IMPS,2025-02-26T16:54:00+05:30
TXN-000494,ZKVR0890873,2960023587937843,ZGDV0836188,81300741571,530.00,UPI,2025-02-26T18:54:00+05:30
TXN-000495,ZKVR0329204,4482253497910906,ZNMD0112876,65105240589,2600.00,IMPS,2025-02-26T21:29:00+05:30
TXN-000496,ZARV0095529,4584116110641260,ZGDV0403647,419432812783,1230.00,UPI,2025-02-26T21:54:00+05:30
TXN-000497,ZNMD0587919,365036192686,ZGDV0955625,70494902607167,410.00,UPI,2025-02-26T22:38:00+05:30
TXN-000498,ZNMD0520427,8802759075214784,ZNMD0484562,198354875355,2300.00,UPI,2025-02-26T22:40:00+05:30
TXN-000499,ZKVR0669376,4131711564511189,ZGDV0403647,419432812783,860.00,UPI,2025-02-27T09:46:00+05:30
TXN-000500,ZKVR0669376,4131711564511189,ZNMD0977718,1059547734120898,680.00,UPI,2025-02-27T12:34:00+05:30
TXN-000501,ZGDV0279182,64596092578,ZGDV0403647,419432812783,560.00,IMPS,2025-02-27T13:31:00+05:30
TXN-000502,ZGDV0711806,21409016372851,ZNMD0110114,5305601891569179,3310.00,UPI,2025-02-27T14:32:00+05:30
TXN-000503,ZARV0745844,778088674514,ZNMD0947097,30344625994126,23000.00,UPI,2025-02-27T14:51:00+05:30
TXN-000504,ZARV0617958,49173696680314,ZGDV0281209,997066433929,115000.00,NEFT,2025-02-27T15:28:00+05:30
TXN-000505,ZARV0104756,56663037718416,ZNMD0977718,1059547734120898,2590.00,IMPS,2025-02-27T16:30:00+05:30
TXN-000506,ZKVR0329204,4482253497910906,ZGDV0121914,63592870665356,2170.00,IMPS,2025-02-27T16:40:00+05:30
TXN-000507,ZGDV0891267,55801883709482,ZGDV0279182,64596092578,3000.00,IMPS,2025-02-27T17:17:00+05:30
TXN-000508,ZKVR0264416,2920955977193273,ZKVR0231395,59372838131746,1040.00,IMPS,2025-02-27T18:47:00+05:30
TXN-000509,ZKVR0264416,2920955977193273,ZKVR0231395,59372838131746,1680.00,UPI,2025-02-27T19:11:00+05:30
TXN-000510,ZNMD0235079,2525131583921333,ZGDV0914516,7027511489681119,1590.00,UPI,2025-02-27T19:26:00+05:30
TXN-000511,ZARV0095529,4584116110641260,ZKVR0604643,67609492345319,2800.00,IMPS,2025-02-28T08:50:00+05:30
TXN-000512,ZARV0086950,10465577896,ZKVR0231395,59372838131746,960.00,UPI,2025-02-28T11:17:00+05:30
TXN-000513,ZNMD0778339,65642075982039,ZGDV0050806,2296589735015940,5320.00,UPI,2025-02-28T13:57:00+05:30
TXN-000514,ZARV0599465,26965979895120,ZKVR0278239,273925885283,1000.00,IMPS,2025-02-28T16:00:00+05:30
TXN-000515,ZKVR0546415,36465882156067,ZARV0617958,49173696680314,33500.00,UPI,2025-02-28T18:07:00+05:30
TXN-000516,ZKVR0669376,4131711564511189,ZKVR0201615,135967096137,5540.00,UPI,2025-02-28T19:11:00+05:30
TXN-000517,ZGDV0722792,76055036575658,ZNMD0123026,409772186664,20200.00,IMPS,2025-02-28T21:09:00+05:30
TXN-000518,ZNMD0676603,445065079507,ZGDV0121914,63592870665356,390.00,IMPS,2025-02-28T21:41:00+05:30
TXN-000519,ZARV0919996,386172292609,ZGDV0955625,70494902607167,840.00,UPI,2025-03-01T08:09:00+05:30
TXN-000520,ZARV0396941,8956830896202038,ZGDV0199050,13791179552,17800.00,IMPS,2025-03-01T10:12:00+05:30
TXN-000521,ZKVR0264416,2920955977193273,ZNMD0123026,409772186664,500.00,IMPS,2025-03-01T10:12:00+05:30
TXN-000522,ZNMD0853761,95412555046339,ZGDV0955625,70494902607167,23400.00,UPI,2025-03-01T12:21:00+05:30
TXN-000523,ZNMD0696084,6446483955427888,ZGDV0914516,7027511489681119,2690.00,UPI,2025-03-01T12:59:00+05:30
TXN-000524,ZNMD0696084,6446483955427888,ZGDV0914516,7027511489681119,400.00,IMPS,2025-03-01T13:14:00+05:30
TXN-000525,ZNMD0990233,7781796239256157,ZGDV0842838,6489677170416477,4670.00,IMPS,2025-03-01T13:44:00+05:30
TXN-000526,ZGDV0928130,906180924966,ZKVR0264416,2920955977193273,55000.00,NEFT,2025-03-02T09:08:00+05:30
TXN-000527,ZKVR0617354,78564396525,ZNMD0544711,43197849240367,54000.00,NEFT,2025-03-02T09:30:00+05:30
TXN-000528,ZKVR0669376,4131711564511189,ZGDV0403647,419432812783,2910.00,UPI,2025-03-02T09:58:00+05:30
TXN-000529,ZNMD0823935,9822007199094188,ZKVR0469965,4576041253223734,19500.00,NEFT,2025-03-02T10:17:00+05:30
TXN-000530,ZGDV0586089,1994021473530432,ZNMD0696084,6446483955427888,47000.00,NEFT,2025-03-02T10:19:00+05:30
TXN-000531,ZNMD0152141,2950914371513095,ZNMD0544711,43197849240367,26500.00,NEFT,2025-03-02T10:34:00+05:30
TXN-000532,ZNMD0823935,9822007199094188,ZGDV0711806,21409016372851,37000.00,NEFT,2025-03-02T10:45:00+05:30
TXN-000533,ZARV0095529,4584116110641260,ZNMD0977718,1059547734120898,1010.00,IMPS,2025-03-02T10:50:00+05:30
TXN-000534,ZKVR0606389,31265741521176,ZARV0880251,3842947850229483,61500.00,NEFT,2025-03-02T11:52:00+05:30
TXN-000535,ZNMD0537065,63788388246,ZKVR0098532,91924037155,25000.00,NEFT,2025-03-02T12:12:00+05:30
TXN-000536,ZNMD0537065,63788388246,ZKVR0469965,4576041253223734,60000.00,NEFT,2025-03-02T12:14:00+05:30
TXN-000537,ZARV0919996,386172292609,ZNMD0123026,409772186664,530.00,IMPS,2025-03-02T12:36:00+05:30
TXN-000538,ZGDV0928130,906180924966,ZARV0919996,386172292609,50500.00,NEFT,2025-03-02T12:41:00+05:30
TXN-000539,ZARV0477133,82150535453010,ZKVR0186058,346793746876,33000.00,NEFT,2025-03-02T12:55:00+05:30
TXN-000540,ZARV0477133,82150535453010,ZARV0094591,56243893730,54500.00,NEFT,2025-03-02T12:59:00+05:30
TXN-000541,ZARV0094591,56243893730,ZKVR0231395,59372838131746,6090.00,UPI,2025-03-02T13:10:00+05:30
TXN-000542,ZGDV0197465,51846197404069,ZARV0105785,89505366673,2460.00,IMPS,2025-03-02T17:57:00+05:30
TXN-000543,ZGDV0860546,6445806238546018,ZNMD0123026,409772186664,8000.00,UPI,2025-03-02T19:48:00+05:30
TXN-000544,ZARV0880251,3842947850229483,ZKVR0316645,155592538756,610.00,UPI,2025-03-03T08:40:00+05:30
TXN-000545,ZKVR0329204,4482253497910906,ZGDV0914516,7027511489681119,720.00,UPI,2025-03-03T09:13:00+05:30
TXN-000546,ZKVR0606389,31265741521176,ZARV0519176,95519852701,33000.00,NEFT,2025-03-03T09:46:00+05:30
TXN-000547,ZNMD0823935,9822007199094188,ZARV0779368,247347502388,35500.00,NEFT,2025-03-03T09:50:00+05:30
TXN-000548,ZNMD0778339,65642075982039,ZNMD0368668,713450472269,19100.00,UPI,2025-03-03T10:02:00+05:30
TXN-000549,ZKVR0320968,76508528899717,ZNMD0110114,5305601891569179,23500.00,IMPS,2025-03-03T12:37:00+05:30
TXN-000550,ZGDV0586089,1994021473530432,ZKVR0329204,4482253497910906,42500.00,NEFT,2025-03-03T12:51:00+05:30
TXN-000551,ZKVR0617354,78564396525,ZGDV0279182,64596092578,29500.00,NEFT,2025-03-03T12:55:00+05:30
TXN-000552,ZGDV0860546,6445806238546018,ZKVR0231395,59372838131746,520.00,IMPS,2025-03-03T20:09:00+05:30
TXN-000553,ZARV0090477,4459654850131962,ZNMD0123026,409772186664,23400.00,IMPS,2025-03-03T20:24:00+05:30
TXN-000554,ZNMD0484562,198354875355,ZKVR0201615,135967096137,2700.00,IMPS,2025-03-03T20:27:00+05:30
TXN-000555,ZARV0823959,79149726467227,ZGDV0248469,3143709638627207,2800.00,UPI,2025-03-03T21:19:00+05:30
TXN-000556,ZARV0745949,93522187504411,ZGDV0264737,650442899703,1000.00,IMPS,2025-03-03T21:32:00+05:30
TXN-000557,ZARV0599465,26965979895120,ZKVR0278239,273925885283,840.00,UPI,2025-03-03T22:29:00+05:30
TXN-000558,ZGDV0199050,13791179552,ZARV0831528,81660304011,1500.00,UPI,2025-03-04T08:53:00+05:30
TXN-000559,ZARV0617958,49173696680314,ZGDV0403647,419432812783,8200.00,IMPS,2025-03-04T09:05:00+05:30
TXN-000560,ZGDV0586089,1994021473530432,ZNMD0676603,445065079507,26500.00,NEFT,2025-03-04T09:47:00+05:30
TXN-000561,ZKVR0606389,31265741521176,ZNMD0324866,50984351846399,58000.00,NEFT,2025-03-04T09:57:00+05:30
TXN-000562,ZARV0477133,82150535453010,ZARV0086950,10465577896,41500.00,NEFT,2025-03-04T10:02:00+05:30
TXN-000563,ZARV0657336,88615120041,ZKVR0329204,4482253497910906,21500.00,NEFT,2025-03-04T10:08:00+05:30
TXN-000564,ZNMD0537065,63788388246,ZNMD0778339,65642075982039,28000.00,NEFT,2025-03-04T10:29:00+05:30
TXN-000565,ZARV0477133,82150535453010,ZNMD0587919,365036192686,42000.00,NEFT,2025-03-04T11:10:00+05:30
TXN-000566,ZARV0657336,88615120041,ZNMD0696084,6446483955427888,34000.00,NEFT,2025-03-04T11:18:00+05:30
TXN-000567,ZNMD0537065,63788388246,ZGDV0199050,13791179552,33500.00,NEFT,2025-03-04T11:21:00+05:30
TXN-000568,ZARV0117149,66524151229,ZARV0007961,649524061246,29000.00,NEFT,2025-03-04T12:24:00+05:30
TXN-000569,ZARV0657336,88615120041,ZNMD0676603,445065079507,38000.00,NEFT,2025-03-04T12:44:00+05:30
TXN-000570,ZARV0117149,66524151229,ZARV0519176,95519852701,22500.00,NEFT,2025-03-04T12:52:00+05:30
TXN-000571,ZNMD0823935,9822007199094188,ZGDV0199050,13791179552,39000.00,NEFT,2025-03-04T12:54:00+05:30
TXN-000572,ZNMD0152141,2950914371513095,ZARV0104756,56663037718416,54500.00,NEFT,2025-03-04T12:58:00+05:30
TXN-000573,ZNMD0235079,2525131583921333,ZGDV0914516,7027511489681119,390.00,UPI,2025-03-04T13:57:00+05:30
TXN-000574,ZARV0150108,10564200188213,ZNMD0947097,30344625994126,21400.00,UPI,2025-03-04T17:15:00+05:30
TXN-000575,ZNMD0676603,445065079507,ZGDV0914516,7027511489681119,1280.00,IMPS,2025-03-04T18:10:00+05:30
TXN-000576,ZGDV0105287,3660851609801178,ZKVR0316645,155592538756,2400.00,UPI,2025-03-04T19:30:00+05:30
TXN-000577,ZKVR0264416,2920955977193273,ZKVR0231395,59372838131746,3150.00,IMPS,2025-03-04T19:49:00+05:30
TXN-000578,ZARV0519176,95519852701,ZGDV0836188,81300741571,1830.00,UPI,2025-03-05T11:40:00+05:30
TXN-000579,ZNMD0484562,198354875355,ZARV0617958,49173696680314,20500.00,UPI,2025-03-05T12:20:00+05:30
TXN-000580,ZARV0495419,52382165134,ZGDV0050806,2296589735015940,13300.00,UPI,2025-03-05T12:47:00+05:30
TXN-000581,ZGDV0281209,997066433929,ZGDV0055332,40104018190,17100.00,UPI,2025-03-05T12:56:00+05:30
TXN-000582,ZARV0319947,7357326534972855,ZNMD0123026,409772186664,1220.00,IMPS,2025-03-05T15:40:00+05:30
TXN-000583,ZNMD0235079,2525131583921333,ZGDV0121914,63592870665356,1940.00,UPI,2025-03-05T18:59:00+05:30
TXN-000584,ZKVR0711349,311217374552,ZGDV0836188,81300741571,1220.00,IMPS,2025-03-06T09:44:00+05:30
TXN-000585,ZGDV0575368,80258747958,ZGDV0264737,650442899703,1200.00,UPI,2025-03-06T11:38:00+05:30
TXN-000586,ZGDV0851267,3896253381492550,ZGDV0050806,2296589735015940,8700.00,UPI,2025-03-06T18:41:00+05:30
TXN-000587,ZNMD0778339,65642075982039,ZARV0831528,81660304011,6930.00,UPI,2025-03-07T08:06:00+05:30
TXN-000588,ZNMD0853761,95412555046339,ZKVR0278239,273925885283,21100.00,UPI,2025-03-07T10:08:00+05:30
TXN-000589,ZKVR0469965,4576041253223734,ZKVR0122101,1416049978764998,1170.00,UPI,2025-03-07T10:20:00+05:30
TXN-000590,ZNMD0990233,7781796239256157,ZKVR0316645,155592538756,2540.00,UPI,2025-03-07T12:40:00+05:30
TXN-000591,ZARV0519176,95519852701,ZGDV0842838,6489677170416477,2970.00,IMPS,2025-03-07T13:26:00+05:30
TXN-000592,ZNMD0587919,365036192686,ZKVR0278239,273925885283,1230.00,UPI,2025-03-07T14:51:00+05:30
TXN-000593,ZNMD0524253,552337400089,ZGDV0264737,650442899703,800.00,UPI,2025-03-07T15:12:00+05:30
TXN-000594,ZGDV0860546,6445806238546018,ZKVR0231395,59372838131746,1190.00,UPI,2025-03-07T15:53:00+05:30
TXN-000595,ZKVR0982026,84187635538,ZGDV0836188,81300741571,21100.00,UPI,2025-03-07T20:09:00+05:30
TXN-000596,ZKVR0604643,67609492345319,ZARV0095529,4584116110641260,2800.00,UPI,2025-03-07T21:09:00+05:30
TXN-000597,ZGDV0068266,986554721182,ZKVR0474112,38690428120812,1740.00,UPI,2025-03-07T21:45:00+05:30
TXN-000598,ZARV0919996,386172292609,ZGDV0955625,70494902607167,2380.00,UPI,2025-03-08T08:59:00+05:30
TXN-000599,ZARV0297900,81086604544,ZGDV0050806,2296589735015940,22100.00,IMPS,2025-03-08T11:00:00+05:30
TXN-000600,ZNMD0235079,2525131583921333,ZKVR0329204,4482253497910906,2500.00,IMPS,2025-03-08T12:54:00+05:30
TXN-000601,ZKVR0138643,6435835492797107,ZGDV0264737,650442899703,23900.00,UPI,2025-03-08T15:18:00+05:30
TXN-000602,ZARV0613886,29424441603891,ZNMD0587919,365036192686,9100.00,UPI,2025-03-08T15:51:00+05:30
TXN-000603,ZNMD0007921,8521044047953883,ZGDV0698481,214148069153,4180.00,IMPS,2025-03-08T17:41:00+05:30
TXN-000604,ZKVR0669376,4131711564511189,ZGDV0403647,419432812783,750.00,UPI,2025-03-08T18:18:00+05:30
TXN-000605,ZNMD0520427,8802759075214784,ZKVR0201615,135967096137,1720.00,IMPS,2025-03-08T20:31:00+05:30
TXN-000606,ZARV0094460,24117828051503,ZGDV0543292,3337619347987285,635000.00,RTGS,2025-03-08T22:31:16+05:30
TXN-000607,ZNMD0532558,22645406307458,ZGDV0842838,6489677170416477,3500.00,UPI,2025-03-09T08:24:00+05:30
TXN-000608,ZARV0254988,88934470906800,ZGDV0836188,81300741571,3640.00,UPI,2025-03-09T08:28:00+05:30
TXN-000609,ZARV0779368,247347502388,ZNMD0110114,5305601891569179,470.00,UPI,2025-03-09T09:11:00+05:30
TXN-000610,ZKVR0890873,2960023587937843,ZGDV0836188,81300741571,2180.00,UPI,2025-03-09T09:35:00+05:30
TXN-000611,ZARV0495419,52382165134,ZGDV0060249,95785738510033,49000.00,UPI,2025-03-09T10:28:00+05:30
TXN-000612,ZARV0495419,52382165134,ZGDV0050806,2296589735015940,23800.00,UPI,2025-03-09T11:35:00+05:30
TXN-000613,ZGDV0543292,3337619347987285,ZARV0556607,8182324692435618,618200.00,RTGS,2025-03-09T12:31:16+05:30
TXN-000614,ZNMD0832635,5760355546659049,ZKVR0278239,273925885283,13600.00,IMPS,2025-03-09T14:04:00+05:30
TXN-000615,ZKVR0890873,2960023587937843,ZKVR0316645,155592538756,520.00,UPI,2025-03-09T18:06:00+05:30
TXN-000616,ZKVR0098532,91924037155,ZKVR0474112,38690428120812,3170.00,UPI,2025-03-09T19:29:00+05:30
TXN-000617,ZARV0104756,56663037718416,ZGDV0403647,419432812783,520.00,IMPS,2025-03-09T20:10:00+05:30
TXN-000618,ZNMD0235079,2525131583921333,ZGDV0121914,63592870665356,2330.00,IMPS,2025-03-09T20:52:00+05:30
TXN-000619,ZNMD0324711,20354713714,ZKVR0316645,155592538756,22700.00,UPI,2025-03-09T21:35:00+05:30
TXN-000620,ZARV0831528,81660304011,ZARV0495419,52382165134,25000.00,UPI,2025-03-09T21:50:00+05:30
TXN-000621,ZKVR0546415,36465882156067,ZARV0617958,49173696680314,29000.00,IMPS,2025-03-10T11:31:00+05:30
TXN-000622,ZARV0556607,8182324692435618,ZNMD0235052,22140184865,594400.00,NEFT,2025-03-10T12:31:16+05:30
TXN-000623,ZKVR0711349,311217374552,ZNMD0498591,530299490847,1080.00,UPI,2025-03-10T17:05:00+05:30
TXN-000624,ZNMD0520427,8802759075214784,ZKVR0546415,36465882156067,4700.00,IMPS,2025-03-10T21:47:00+05:30
TXN-000625,ZARV0979572,585873296710,ZNMD0484562,198354875355,5600.00,UPI,2025-03-10T22:38:00+05:30
TXN-000626,ZNMD0700572,31986695700793,ZNMD0123026,409772186664,1470.00,IMPS,2025-03-11T08:24:00+05:30
TXN-000627,ZARV0979572,585873296710,ZGDV0055332,40104018190,1310.00,UPI,2025-03-11T09:03:00+05:30
TXN-000628,ZNMD0990233,7781796239256157,ZGDV0264737,650442899703,2230.00,UPI,2025-03-11T09:20:00+05:30
TXN-000629,ZNMD0235052,22140184865,ZARV0094460,24117828051503,573900.00,RTGS,2025-03-11T11:31:16+05:30
TXN-000630,ZNMD0520427,8802759075214784,ZGDV0698481,214148069153,640.00,UPI,2025-03-11T12:13:00+05:30
TXN-000631,ZGDV0891267,55801883709482,ZGDV0698481,214148069153,1700.00,UPI,2025-03-11T19:49:00+05:30
TXN-000632,ZARV0979572,585873296710,ZNMD0484562,198354875355,2100.00,IMPS,2025-03-11T19:57:00+05:30
TXN-000633,ZNMD0696084,6446483955427888,ZGDV0914516,7027511489681119,3930.00,UPI,2025-03-11T19:57:00+05:30
TXN-000634,ZNMD0324866,50984351846399,ZGDV0264737,650442899703,4540.00,UPI,2025-03-12T08:01:00+05:30
TXN-000635,ZGDV0068266,986554721182,ZNMD0110114,5305601891569179,2800.00,IMPS,2025-03-12T09:14:00+05:30
TXN-000636,ZGDV0279182,64596092578,ZGDV0403647,419432812783,1770.00,UPI,2025-03-12T09:44:00+05:30
TXN-000637,ZGDV0575368,80258747958,ZGDV0842838,6489677170416477,3860.00,UPI,2025-03-12T17:15:00+05:30
TXN-000638,ZNMD0700572,31986695700793,ZNMD0123026,409772186664,820.00,UPI,2025-03-12T17:40:00+05:30
TXN-000639,ZKVR0264416,2920955977193273,ZKVR0278239,273925885283,610.00,IMPS,2025-03-12T19:04:00+05:30
TXN-000640,ZGDV0281209,997066433929,ZGDV0698481,214148069153,24700.00,UPI,2025-03-12T20:29:00+05:30
TXN-000641,ZARV0210017,157887662652,ZNMD0110114,5305601891569179,6600.00,IMPS,2025-03-12T22:56:00+05:30
TXN-000642,ZARV0210017,157887662652,ZGDV0050806,2296589735015940,21900.00,UPI,2025-03-13T11:48:00+05:30
TXN-000643,ZKVR0546415,36465882156067,ZGDV0055332,40104018190,13500.00,UPI,2025-03-13T14:29:00+05:30
TXN-000644,ZKVR0138643,6435835492797107,ZNMD0832635,5760355546659049,250000.00,RTGS,2025-03-13T16:30:00+05:30
TXN-000645,ZKVR0268028,46154561864689,ZKVR0261171,4350429360999554,2030.00,IMPS,2025-03-13T19:32:00+05:30
TXN-000646,ZARV0617958,49173696680314,ZGDV0281209,997066433929,101000.00,IMPS,2025-03-13T19:35:00+05:30
TXN-000647,ZKVR0469965,4576041253223734,ZKVR0261171,4350429360999554,3600.00,UPI,2025-03-13T20:49:00+05:30
TXN-000648,ZARV0779368,247347502388,ZGDV0050806,2296589735015940,760.00,UPI,2025-03-14T09:10:00+05:30
TXN-000649,ZGDV0891267,55801883709482,ZARV0105785,89505366673,470.00,IMPS,2025-03-14T10:26:00+05:30
TXN-000650,ZKVR0098532,91924037155,ZARV0831528,81660304011,1390.00,UPI,2025-03-14T11:23:00+05:30
TXN-000651,ZKVR0186058,346793746876,ZKVR0231395,59372838131746,480.00,UPI,2025-03-14T13:10:00+05:30
TXN-000652,ZNMD0587919,365036192686,ZNMD0947097,30344625994126,980.00,UPI,2025-03-14T15:03:00+05:30
TXN-000653,ZARV0086950,10465577896,ZGDV0955625,70494902607167,1590.00,UPI,2025-03-14T17:49:00+05:30
TXN-000654,ZGDV0068266,986554721182,ZGDV0050806,2296589735015940,3600.00,UPI,2025-03-14T19:16:00+05:30
TXN-000655,ZGDV0197465,51846197404069,ZNMD0977718,1059547734120898,690.00,IMPS,2025-03-15T14:08:00+05:30
TXN-000656,ZARV0519176,95519852701,ZGDV0842838,6489677170416477,1440.00,IMPS,2025-03-15T14:50:00+05:30
TXN-000657,ZKVR0186058,346793746876,ZNMD0123026,409772186664,780.00,UPI,2025-03-15T15:11:00+05:30
TXN-000658,ZGDV0575368,80258747958,ZGDV0842838,6489677170416477,4590.00,UPI,2025-03-15T15:27:00+05:30
TXN-000659,ZNMD0324866,50984351846399,ZNMD0498591,530299490847,1750.00,UPI,2025-03-15T16:34:00+05:30
TXN-000660,ZNMD0235079,2525131583921333,ZNMD0112876,65105240589,790.00,UPI,2025-03-15T19:05:00+05:30
TXN-000661,ZARV0613886,29424441603891,ZKVR0278239,273925885283,680.00,UPI,2025-03-15T20:07:00+05:30
TXN-000662,ZARV0613886,29424441603891,ZKVR0231395,59372838131746,800.00,UPI,2025-03-15T22:00:00+05:30
TXN-000663,ZGDV0891267,55801883709482,ZKVR0201615,135967096137,590.00,UPI,2025-03-16T09:11:00+05:30
TXN-000664,ZKVR0604643,67609492345319,ZKVR0201615,135967096137,1490.00,UPI,2025-03-16T11:10:00+05:30
TXN-000665,ZNMD0832635,5760355546659049,ZNMD0235052,22140184865,223000.00,NEFT,2025-03-16T14:22:00+05:30
TXN-000666,ZARV0919996,386172292609,ZKVR0231395,59372838131746,2100.00,UPI,2025-03-16T15:57:00+05:30
TXN-000667,ZARV0519176,95519852701,ZGDV0543292,3337619347987285,78000.00,IMPS,2025-03-16T17:33:00+05:30
TXN-000668,ZNMD0324711,20354713714,ZGDV0264737,650442899703,9400.00,IMPS,2025-03-16T21:30:00+05:30
TXN-000669,ZKVR0587534,7290333581499695,ZKVR0122101,1416049978764998,8300.00,IMPS,2025-03-17T09:59:00+05:30
TXN-000670,ZGDV0543292,3337619347987285,ZARV0556607,8182324692435618,75900.00,UPI,2025-03-17T11:33:00+05:30
TXN-000671,ZGDV0891267,55801883709482,ZGDV0055332,40104018190,290.00,UPI,2025-03-17T12:10:00+05:30
TXN-000672,ZARV0094460,24117828051503,ZKVR0278239,273925885283,7800.00,UPI,2025-03-17T15:35:00+05:30
TXN-000673,ZKVR0469965,4576041253223734,ZNMD0110114,5305601891569179,1800.00,UPI,2025-03-17T17:49:00+05:30
TXN-000674,ZARV0104756,56663037718416,ZGDV0698481,214148069153,490.00,UPI,2025-03-17T18:57:00+05:30
TXN-000675,ZNMD0484562,198354875355,ZARV0617958,49173696680314,21000.00,IMPS,2025-03-17T19:35:00+05:30
TXN-000676,ZNMD0990233,7781796239256157,ZGDV0836188,81300741571,2530.00,IMPS,2025-03-17T22:17:00+05:30
TXN-000677,ZARV0556607,8182324692435618,ZNMD0235052,22140184865,74200.00,IMPS,2025-03-18T00:33:00+05:30
TXN-000678,ZKVR0890873,2960023587937843,ZNMD0498591,530299490847,1480.00,IMPS,2025-03-18T09:47:00+05:30
TXN-000679,ZARV0396941,8956830896202038,ZKVR0474112,38690428120812,890.00,IMPS,2025-03-18T11:55:00+05:30
TXN-000680,ZKVR0329204,4482253497910906,ZGDV0914516,7027511489681119,8600.00,IMPS,2025-03-18T12:08:00+05:30
TXN-000681,ZARV0556607,8182324692435618,ZNMD0123026,409772186664,4300.00,IMPS,2025-03-18T13:56:00+05:30
TXN-000682,ZNMD0832635,5760355546659049,ZKVR0278239,273925885283,13400.00,IMPS,2025-03-18T14:21:00+05:30
TXN-000683,ZKVR0546415,36465882156067,ZNMD0977718,1059547734120898,6200.00,UPI,2025-03-18T20:02:00+05:30
TXN-000684,ZARV0880251,3842947850229483,ZNMD0498591,530299490847,5500.00,IMPS,2025-03-18T21:39:00+05:30
TXN-000685,ZARV0094591,56243893730,ZGDV0955625,70494902607167,1070.00,UPI,2025-03-19T10:43:00+05:30
TXN-000686,ZARV0613886,29424441603891,ZKVR0278239,273925885283,550.00,UPI,2025-03-19T14:56:00+05:30
TXN-000687,ZKVR0320968,76508528899717,ZNMD0110114,5305601891569179,14400.00,UPI,2025-03-19T15:04:00+05:30
TXN-000688,ZNMD0484562,198354875355,ZGDV0403647,419432812783,20200.00,UPI,2025-03-19T15:48:00+05:30
TXN-000689,ZARV0745949,93522187504411,ZGDV0836188,81300741571,2890.00,IMPS,2025-03-19T17:29:00+05:30
TXN-000690,ZNMD0324866,50984351846399,ZGDV0543292,3337619347987285,111000.00,IMPS,2025-03-19T18:44:00+05:30
TXN-000691,ZKVR0264416,2920955977193273,ZKVR0231395,59372838131746,1020.00,UPI,2025-03-19T20:44:00+05:30
TXN-000692,ZNMD0696084,6446483955427888,ZGDV0914516,7027511489681119,5720.00,IMPS,2025-03-19T22:06:00+05:30
TXN-000693,ZGDV0543292,3337619347987285,ZARV0556607,8182324692435618,108400.00,NEFT,2025-03-20T04:44:00+05:30
TXN-000694,ZNMD0700572,31986695700793,ZGDV0955625,70494902607167,2270.00,IMPS,2025-03-20T08:51:00+05:30
TXN-000695,ZKVR0711349,311217374552,ZGDV0836188,81300741571,2280.00,UPI,2025-03-20T11:09:00+05:30
TXN-000696,ZKVR0474112,38690428120812,ZARV0495419,52382165134,22000.00,UPI,2025-03-20T12:26:00+05:30
TXN-000697,ZKVR0546415,36465882156067,ZARV0617958,49173696680314,34000.00,IMPS,2025-03-20T12:37:00+05:30
TXN-000698,ZKVR0587534,7290333581499695,ZGDV0050806,2296589735015940,13500.00,UPI,2025-03-20T12:49:00+05:30
TXN-000699,ZARV0278780,5585485901880963,ZNMD0110114,5305601891569179,1590.00,UPI,2025-03-20T16:48:00+05:30
TXN-000700,ZARV0745949,93522187504411,ZGDV0842838,6489677170416477,1560.00,IMPS,2025-03-20T17:48:00+05:30
TXN-000701,ZARV0556607,8182324692435618,ZNMD0235052,22140184865,105200.00,IMPS,2025-03-20T20:44:00+05:30
TXN-000702,ZGDV0524175,80468702410,ZNMD0977718,1059547734120898,890.00,IMPS,2025-03-20T22:30:00+05:30
TXN-000703,ZARV0880251,3842947850229483,ZKVR0316645,155592538756,5780.00,UPI,2025-03-20T22:54:00+05:30
TXN-000704,ZKVR0264416,2920955977193273,ZNMD0123026,409772186664,1210.00,UPI,2025-03-20T22:58:00+05:30
TXN-000705,ZARV0779368,247347502388,ZKVR0261171,4350429360999554,1090.00,IMPS,2025-03-21T09:30:00+05:30
TXN-000706,ZKVR0186058,346793746876,ZNMD0947097,30344625994126,710.00,UPI,2025-03-21T10:42:00+05:30
TXN-000707,ZARV0599465,26965979895120,ZKVR0278239,273925885283,1440.00,UPI,2025-03-21T10:47:00+05:30
TXN-000708,ZKVR0098532,91924037155,ZKVR0261171,4350429360999554,280.00,IMPS,2025-03-21T14:00:00+05:30
TXN-000709,ZNMD0007921,8521044047953883,ZKVR0201615,135967096137,560.00,UPI,2025-03-21T15:30:00+05:30
TXN-000710,ZNMD0853761,95412555046339,ZKVR0278239,273925885283,18200.00,UPI,2025-03-21T15:45:00+05:30
TXN-000711,ZARV0396941,8956830896202038,ZKVR0122101,1416049978764998,1740.00,IMPS,2025-03-21T16:30:00+05:30
TXN-000712,ZNMD0544711,43197849240367,ZKVR0546415,36465882156067,5900.00,UPI,2025-03-21T19:23:00+05:30
TXN-000713,ZGDV0281209,997066433929,ZGDV0403647,419432812783,8600.00,UPI,2025-03-21T20:23:00+05:30
TXN-000714,ZARV0086950,10465577896,ZKVR0278239,273925885283,1410.00,UPI,2025-03-22T08:26:00+05:30
TXN-000715,ZGDV0860546,6445806238546018,ZKVR0231395,59372838131746,910.00,IMPS,2025-03-22T09:57:00+05:30
TXN-000716,ZKVR0469965,4576041253223734,ZGDV0050806,2296589735015940,840.00,UPI,2025-03-22T10:51:00+05:30
TXN-000717,ZNMD0524253,552337400089,ZGDV0842838,6489677170416477,1670.00,UPI,2025-03-22T13:27:00+05:30
TXN-000718,ZGDV0279182,64596092578,ZGDV0403647,419432812783,700.00,UPI,2025-03-22T14:04:00+05:30
TXN-000719,ZARV0094591,56243893730,ZKVR0231395,59372838131746,2310.00,IMPS,2025-03-23T11:58:00+05:30
TXN-000720,ZGDV0711806,21409016372851,ZGDV0050806,2296589735015940,1180.00,IMPS,2025-03-23T17:53:00+05:30
TXN-000721,ZARV0210017,157887662652,ZKVR0122101,1416049978764998,19300.00,IMPS,2025-03-23T18:52:00+05:30
TXN-000722,ZARV0007961,649524061246,ZGDV0842838,6489677170416477,670.00,UPI,2025-03-23T21:01:00+05:30
TXN-000723,ZARV0319947,7357326534972855,ZKVR0278239,273925885283,600.00,IMPS,2025-03-23T21:28:00+05:30
TXN-000724,ZGDV0711806,21409016372851,ZKVR0261171,4350429360999554,960.00,UPI,2025-03-23T22:14:00+05:30
TXN-000725,ZARV0278780,5585485901880963,ZKVR0474112,38690428120812,510.00,IMPS,2025-03-24T08:06:00+05:30
TXN-000726,ZKVR0546415,36465882156067,ZGDV0055332,40104018190,14500.00,UPI,2025-03-24T08:36:00+05:30
TXN-000727,ZNMD0832635,5760355546659049,ZNMD0123026,409772186664,16700.00,IMPS,2025-03-24T09:17:00+05:30
TXN-000728,ZGDV0105287,3660851609801178,ZNMD0498591,530299490847,11300.00,UPI,2025-03-24T11:01:00+05:30
TXN-000729,ZARV0495419,52382165134,ZGDV0060249,95785738510033,80000.00,IMPS,2025-03-24T11:32:00+05:30
TXN-000730,ZKVR0711349,311217374552,ZGDV0836188,81300741571,1790.00,UPI,2025-03-24T13:15:00+05:30
TXN-000731,ZNMD0007921,8521044047953883,ZKVR0201615,135967096137,1860.00,UPI,2025-03-24T13:51:00+05:30
TXN-000732,ZNMD0368668,713450472269,ZARV0831528,81660304011,550.00,UPI,2025-03-24T14:16:00+05:30
TXN-000733,ZNMD0700572,31986695700793,ZKVR0231395,59372838131746,720.00,UPI,2025-03-24T18:24:00+05:30
TXN-000734,ZGDV0524175,80468702410,ZKVR0546415,36465882156067,4300.00,UPI,2025-03-24T19:05:00+05:30
TXN-000735,ZKVR0604643,67609492345319,ZKVR0201615,135967096137,3500.00,IMPS,2025-03-24T22:19:00+05:30
TXN-000736,ZNMD0696084,6446483955427888,ZNMD0112876,65105240589,1100.00,UPI,2025-03-24T22:24:00+05:30
TXN-000737,ZARV0613886,29424441603891,ZNMD0947097,30344625994126,710.00,UPI,2025-03-25T10:44:00+05:30
TXN-000738,ZARV0979572,585873296710,ZGDV0698481,214148069153,2900.00,IMPS,2025-03-25T11:37:00+05:30
TXN-000739,ZARV0094460,24117828051503,ZKVR0278239,273925885283,6100.00,UPI,2025-03-25T14:50:00+05:30
TXN-000740,ZGDV0199050,13791179552,ZARV0396941,8956830896202038,17800.00,IMPS,2025-03-25T19:09:00+05:30
TXN-000741,ZNMD0544711,43197849240367,ZGDV0055332,40104018190,1940.00,UPI,2025-03-25T22:08:00+05:30
TXN-000742,ZGDV0105287,3660851609801178,ZGDV0842838,6489677170416477,16500.00,UPI,2025-03-25T22:31:00+05:30
TXN-000743,ZGDV0524175,80468702410,ZNMD0484562,198354875355,4000.00,IMPS,2025-03-25T23:28:00+05:30
TXN-000744,ZKVR0098532,91924037155,ZNMD0110114,5305601891569179,900.00,IMPS,2025-03-26T08:06:00+05:30
TXN-000745,ZNMD0544711,43197849240367,ZGDV0055332,40104018190,510.00,IMPS,2025-03-26T08:56:00+05:30
TXN-000746,ZNMD0007921,8521044047953883,ZNMD0977718,1059547734120898,2210.00,IMPS,2025-03-26T12:12:00+05:30
TXN-000747,ZNMD0676603,445065079507,ZNMD0112876,65105240589,5020.00,UPI,2025-03-26T13:01:00+05:30
TXN-000748,ZNMD0778339,65642075982039,ZARV0831528,81660304011,1090.00,UPI,2025-03-26T13:02:00+05:30
TXN-000749,ZNMD0990233,7781796239256157,ZKVR0316645,155592538756,1080.00,IMPS,2025-03-26T15:02:00+05:30
TXN-000750,ZARV0094591,56243893730,ZGDV0955625,70494902607167,2100.00,UPI,2025-03-26T16:16:00+05:30
TXN-000751,ZNMD0587919,365036192686,ZGDV0955625,70494902607167,510.00,UPI,2025-03-26T18:17:00+05:30
TXN-000752,ZNMD0368668,713450472269,ZKVR0122101,1416049978764998,2840.00,UPI,2025-03-26T19:46:00+05:30
TXN-000753,ZGDV0891267,55801883709482,ZKVR0546415,36465882156067,5600.00,IMPS,2025-03-26T21:03:00+05:30
TXN-000754,ZARV0095529,4584116110641260,ZKVR0201615,135967096137,1290.00,UPI,2025-03-26T21:43:00+05:30
TXN-000755,ZARV0556607,8182324692435618,ZNMD0947097,30344625994126,16300.00,UPI,2025-03-26T22:36:00+05:30
TXN-000756,ZKVR0268028,46154561864689,ZKVR0122101,1416049978764998,830.00,UPI,2025-03-27T13:31:00+05:30
TXN-000757,ZARV0617958,49173696680314,ZGDV0281209,997066433929,85000.00,UPI,2025-03-27T15:29:00+05:30
TXN-000758,ZGDV0722792,76055036575658,ZGDV0955625,70494902607167,17400.00,IMPS,2025-03-27T16:59:00+05:30
TXN-000759,ZKVR0268028,46154561864689,ZKVR0261171,4350429360999554,1700.00,IMPS,2025-03-27T20:05:00+05:30
TXN-000760,ZGDV0117620,40739235064,ZGDV0842838,6489677170416477,22700.00,UPI,2025-03-27T20:31:00+05:30
TXN-000761,ZNMD0696084,6446483955427888,ZNMD0112876,65105240589,2440.00,UPI,2025-03-27T20:35:00+05:30
TXN-000762,ZKVR0669376,4131711564511189,ZNMD0484562,198354875355,3200.00,IMPS,2025-03-27T20:59:00+05:30
TXN-000763,ZGDV0722792,76055036575658,ZGDV0955625,70494902607167,22800.00,IMPS,2025-03-27T22:05:00+05:30
TXN-000764,ZKVR0669376,4131711564511189,ZNMD0977718,1059547734120898,2320.00,IMPS,2025-03-28T10:59:00+05:30
TXN-000765,ZARV0745844,778088674514,ZNMD0123026,409772186664,16600.00,IMPS,2025-03-28T11:43:00+05:30
TXN-000766,ZKVR0587534,7290333581499695,ZNMD0110114,5305601891569179,15700.00,UPI,2025-03-28T12:52:00+05:30
TXN-000767,ZARV0095529,4584116110641260,ZGDV0055332,40104018190,1550.00,UPI,2025-03-28T16:54:00+05:30
TXN-000768,ZARV0254988,88934470906800,ZGDV0836188,81300741571,1520.00,UPI,2025-03-28T16:56:00+05:30
TXN-000769,ZNMD0324866,50984351846399,ZKVR0316645,155592538756,530.00,IMPS,2025-03-28T17:00:00+05:30
TXN-000770,ZGDV0279182,64596092578,ZGDV0403647,419432812783,5330.00,UPI,2025-03-28T17:19:00+05:30
TXN-000771,ZARV0919996,386172292609,ZGDV0955625,70494902607167,1360.00,IMPS,2025-03-28T18:22:00+05:30
TXN-000772,ZGDV0068266,986554721182,ZKVR0261171,4350429360999554,310.00,UPI,2025-03-29T10:31:00+05:30
TXN-000773,ZARV0104756,56663037718416,ZGDV0698481,214148069153,820.00,UPI,2025-03-29T11:24:00+05:30
TXN-000774,ZGDV0489435,4267221805213723,ZGDV0264737,650442899703,8800.00,IMPS,2025-03-29T12:31:00+05:30
TXN-000775,ZNMD0676603,445065079507,ZGDV0121914,63592870665356,2280.00,UPI,2025-03-29T13:33:00+05:30
TXN-000776,ZNMD0484562,198354875355,ZARV0617958,49173696680314,15500.00,IMPS,2025-03-29T18:42:00+05:30
TXN-000777,ZNMD0520427,8802759075214784,ZNMD0977718,1059547734120898,1070.00,UPI,2025-03-29T18:55:00+05:30
TXN-000778,ZKVR0329204,4482253497910906,ZNMD0112876,65105240589,2100.00,UPI,2025-03-29T21:41:00+05:30
TXN-000779,ZKVR0329204,4482253497910906,ZNMD0112876,65105240589,790.00,UPI,2025-03-29T21:43:00+05:30
TXN-000780,ZNMD0520427,8802759075214784,ZNMD0977718,1059547734120898,4390.00,UPI,2025-03-29T22:10:00+05:30
TXN-000781,ZARV0007961,649524061246,ZKVR0316645,155592538756,1930.00,IMPS,2025-03-30T08:21:00+05:30
TXN-000782,ZKVR0890873,2960023587937843,ZGDV0842838,6489677170416477,2870.00,UPI,2025-03-30T12:40:00+05:30
TXN-000783,ZKVR0186058,346793746876,ZKVR0231395,59372838131746,770.00,IMPS,2025-03-30T16:48:00+05:30
TXN-000784,ZARV0599465,26965979895120,ZKVR0278239,273925885283,680.00,UPI,2025-03-30T17:25:00+05:30
TXN-000785,ZGDV0524175,80468702410,ZKVR0201615,135967096137,640.00,UPI,2025-03-30T17:58:00+05:30
TXN-000786,ZGDV0199050,13791179552,ZGDV0050806,2296589735015940,730.00,IMPS,2025-03-30T19:06:00+05:30
TXN-000787,ZARV0880251,3842947850229483,ZKVR0316645,155592538756,540.00,UPI,2025-03-30T20:29:00+05:30
TXN-000788,ZKVR0320968,76508528899717,ZKVR0122101,1416049978764998,5200.00,IMPS,2025-03-30T21:29:00+05:30
TXN-000789,ZKVR0546415,36465882156067,ZARV0617958,49173696680314,15500.00,IMPS,2025-03-30T21:41:00+05:30
TXN-000790,ZKVR0669376,4131711564511189,ZGDV0403647,419432812783,2440.00,UPI,2025-03-31T12:44:00+05:30
TXN-000791,ZKVR0853805,42349026862,ZNMD0123026,409772186664,16400.00,UPI,2025-03-31T18:06:00+05:30
TXN-000792,ZGDV0199050,13791179552,ZKVR0122101,1416049978764998,1280.00,UPI,2025-03-31T22:36:00+05:30
